"Time","simulation_observations.mean { name: Tin_Flat2_Zona1 }","simulation_observations.mean { name: Tin_Flat2_Zona2 }","simulation_observations.mean { name: Tin_Flat2_Zona3 }","simulation_observations.mean { name: Tin_Flat2_Zona4 }","simulation_observations.mean { name: Tout }"
2025-12-31 19:00:00,,,,,
2026-01-01 01:00:00,,,,,
2026-01-01 07:00:00,,,,,
2026-01-01 13:00:00,,,,,
2026-01-01 19:00:00,,,,,
2026-01-02 01:00:00,,,,,
2026-01-02 07:00:00,,,,,
2026-01-02 13:00:00,,,,,
2026-01-02 19:00:00,,,,,
2026-01-03 01:00:00,,,,,
2026-01-03 07:00:00,,,,,
2026-01-03 13:00:00,,,,,
2026-01-03 19:00:00,,,,,
2026-01-04 01:00:00,22.0,20.6,22.1,21.6,9.46
2026-01-04 07:00:00,23.1,21.3,22.4,22.2,11.0
2026-01-04 13:00:00,24.0,21.7,22.9,22.4,17.1
2026-01-04 19:00:00,22.8,21.2,22.7,22.1,13.0
2026-01-05 01:00:00,22.0,20.5,21.9,21.5,10.0
2026-01-05 07:00:00,22.4,20.8,22.2,21.7,11.8
2026-01-05 13:00:00,22.8,21.3,22.5,22.0,15.2
2026-01-05 19:00:00,22.2,20.8,22.4,21.7,11.8
2026-01-06 01:00:00,21.4,20.0,21.6,21.1,8.20
2026-01-06 07:00:00,22.2,20.5,21.8,21.5,10.1
2026-01-06 13:00:00,23.1,21.1,22.3,21.8,16.0
2026-01-06 19:00:00,22.1,20.5,22.2,21.5,12.0
2026-01-07 01:00:00,21.3,19.8,21.4,20.9,8.20
2026-01-07 07:00:00,22.3,20.6,21.7,21.4,10.5
2026-01-07 13:00:00,23.2,20.9,22.2,21.7,16.6
2026-01-07 19:00:00,22.1,20.5,22.0,21.4,12.6
2026-01-08 01:00:00,21.3,19.7,21.2,20.8,8.98
2026-01-08 07:00:00,21.8,20.3,21.6,21.1,10.2
2026-01-08 13:00:00,22.4,20.6,21.9,21.4,14.3
2026-01-08 19:00:00,21.6,20.1,21.7,21.0,11.0
2026-01-09 01:00:00,20.8,19.3,20.9,20.5,7.72
2026-01-09 07:00:00,21.2,20.0,21.2,20.7,8.61
2026-01-09 13:00:00,22.3,20.3,21.6,21.0,14.1
2026-01-09 19:00:00,21.3,19.9,21.4,20.7,11.2
2026-01-10 01:00:00,20.5,19.1,20.6,20.2,7.56
2026-01-10 07:00:00,21.4,20.1,21.0,20.7,9.53
2026-01-10 13:00:00,22.1,20.2,21.4,20.9,14.8
2026-01-10 19:00:00,21.1,19.9,21.2,20.6,10.8
2026-01-11 01:00:00,20.3,18.8,20.4,20.0,7.20
2026-01-11 07:00:00,21.4,20.0,20.8,20.6,9.83
2026-01-11 13:00:00,22.3,20.1,21.3,20.8,16.6
2026-01-11 19:00:00,21.1,19.8,21.1,20.5,11.6
2026-01-12 01:00:00,20.1,18.6,20.2,19.7,5.65
2026-01-12 07:00:00,20.8,19.6,20.3,20.0,5.59
2026-01-12 13:00:00,21.4,20,20.6,20.1,9.78
2026-01-12 19:00:00,20.2,19.6,20.4,19.9,5.40
2026-01-13 01:00:00,19.4,18.0,19.7,19.2,3.02
2026-01-13 07:00:00,20.5,19.6,20.1,19.9,6.80
2026-01-13 13:00:00,21.3,20,20.6,20.1,13.8
2026-01-13 19:00:00,20.4,19.7,20.5,20.0,10.7
2026-01-14 01:00:00,19.8,18.4,19.8,19.4,8.07
2026-01-14 07:00:00,20.5,19.7,20.2,20.0,9.43
2026-01-14 13:00:00,20.5,19.4,20.4,19.9,11.1
2026-01-14 19:00:00,19.9,19.6,20.2,19.8,8.42
2026-01-15 01:00:00,19.1,18.0,19.4,19.0,5.54
2026-01-15 07:00:00,20.0,19.4,20.0,19.8,6.93
2026-01-15 13:00:00,20.1,19.2,20.1,19.7,9.62
2026-01-15 19:00:00,19.8,19.5,20.0,19.8,8.03
2026-01-16 01:00:00,18.9,17.9,19.2,18.8,6.87
2026-01-16 07:00:00,19.7,19.2,19.9,19.6,7.98
2026-01-16 13:00:00,20.1,19.1,19.9,19.5,11.9
2026-01-16 19:00:00,19.8,19.6,20.0,19.8,11.3
2026-01-17 01:00:00,18.8,17.9,19.1,18.8,7.84
2026-01-17 07:00:00,20.4,19.6,19.9,19.8,10.1
2026-01-17 13:00:00,20.9,19.5,20.0,19.8,16.8
2026-01-17 19:00:00,20.0,19.6,20.0,19.8,12.3
2026-01-18 01:00:00,19.1,18.1,19.2,18.9,8.25
2026-01-18 07:00:00,20.5,19.7,19.9,19.9,10.9
2026-01-18 13:00:00,21.2,19.6,20.1,19.9,17.9
2026-01-18 19:00:00,20.3,19.7,20.1,19.9,13.7
2026-01-19 01:00:00,19.5,18.4,19.4,19.2,9.89
2026-01-19 07:00:00,20.3,19.6,19.9,19.8,11.7
2026-01-19 13:00:00,21.3,20,20.3,20.1,18.2
2026-01-19 19:00:00,20.6,19.8,20.3,20.0,15.3
2026-01-20 01:00:00,20.0,18.9,19.8,19.6,12.9
2026-01-20 07:00:00,20.1,19.8,20.0,19.9,13.5
2026-01-20 13:00:00,20.3,20,20.2,20.0,14.9
2026-01-20 19:00:00,20.0,19.7,20.1,19.9,12.4
2026-01-21 01:00:00,19.5,18.7,19.6,19.3,11.3
2026-01-21 07:00:00,20.1,19.7,20.0,19.9,12.8
2026-01-21 13:00:00,20.6,19.7,20.2,19.9,17.1
2026-01-21 19:00:00,20.3,19.9,20.3,20.0,15.5
2026-01-22 01:00:00,19.8,19.1,19.8,19.6,13.7
2026-01-22 07:00:00,20.1,19.8,20.1,19.9,14.3
2026-01-22 13:00:00,20.2,19.7,20.2,19.9,16.2
2026-01-22 19:00:00,20.0,19.8,20.2,19.9,14.1
2026-01-23 01:00:00,19.3,18.7,19.6,19.3,10.9
2026-01-23 07:00:00,20.4,19.9,20.1,20.0,12.6
2026-01-23 13:00:00,20.5,19.8,20.2,20.0,16.7
2026-01-23 19:00:00,19.9,19.7,20.2,19.8,11.8
2026-01-24 01:00:00,18.8,18.1,19.3,18.9,6.14
2026-01-24 07:00:00,20.4,19.7,20.0,20.0,8.44
2026-01-24 13:00:00,21.0,19.7,20.2,19.9,15.8
2026-01-24 19:00:00,20.0,19.6,20.1,19.8,10.5
2026-01-25 01:00:00,19.0,18.1,19.3,18.9,6.26
2026-01-25 07:00:00,20.5,19.7,20.0,20.0,9.05
2026-01-25 13:00:00,21.1,19.7,20.2,20.0,16.3
2026-01-25 19:00:00,20.1,19.7,20.1,19.9,11.7
2026-01-26 01:00:00,19.3,18.3,19.4,19.1,8.46
2026-01-26 07:00:00,20.4,19.6,19.9,19.9,11.5
2026-01-26 13:00:00,21.5,20.0,20.4,20.3,19.0
2026-01-26 19:00:00,20.7,19.8,20.4,20.1,14.8
2026-01-27 01:00:00,19.9,18.9,19.8,19.6,11.8
2026-01-27 07:00:00,20.2,19.8,20.1,19.9,12.9
2026-01-27 13:00:00,20.7,20.0,20.4,20.1,16.3
2026-01-27 19:00:00,20.2,19.7,20.3,19.9,12.6
2026-01-28 01:00:00,19.3,18.4,19.5,19.2,8.25
2026-01-28 07:00:00,20.6,19.8,20.1,20.1,10.6
2026-01-28 13:00:00,21.4,19.8,20.4,20.1,17.8
2026-01-28 19:00:00,20.4,19.8,20.4,20.0,13.1
2026-01-29 01:00:00,19.6,18.6,19.7,19.4,9.74
2026-01-29 07:00:00,20.2,19.7,20.1,19.9,11.3
2026-01-29 13:00:00,21.0,19.8,20.3,20.0,17.0
2026-01-29 19:00:00,20.4,19.8,20.4,20.0,14.1
2026-01-30 01:00:00,19.7,18.7,19.7,19.4,10.6
2026-01-30 07:00:00,20.2,19.7,20.1,19.9,11.4
2026-01-30 13:00:00,20.9,19.8,20.3,20.0,16.7
2026-01-30 19:00:00,20.4,19.8,20.4,20.0,14.1
2026-01-31 01:00:00,19.8,18.9,19.8,19.5,12.2
2026-01-31 07:00:00,20.4,19.9,20.2,20.1,14.4
2026-01-31 13:00:00,20.8,19.9,20.4,20.2,18.7
2026-01-31 19:00:00,20.6,19.9,20.5,20.1,15.9
2026-02-01 01:00:00,19.9,19.1,20.0,19.7,13.1
2026-02-01 07:00:00,20.8,20.1,20.3,20.4,14.7
2026-02-01 13:00:00,20.5,19.8,20.5,20.1,15.2
2026-02-01 19:00:00,20.3,19.8,20.5,20.0,13.3
2026-02-02 01:00:00,19.7,19.0,19.9,19.6,11.7
2026-02-02 07:00:00,20.4,19.8,20.2,20.1,13.6
2026-02-02 13:00:00,20.8,20.0,20.5,20.2,16.2
2026-02-02 19:00:00,20.3,19.8,20.5,20.0,13.7
2026-02-03 01:00:00,19.6,18.9,19.8,19.5,10.8
2026-02-03 07:00:00,20.1,19.8,20.1,19.9,12.1
2026-02-03 13:00:00,20.7,20.0,20.5,20.2,16.2
2026-02-03 19:00:00,20.1,19.8,20.4,19.9,12.5
2026-02-04 01:00:00,19.1,18.5,19.6,19.2,7.34
2026-02-04 07:00:00,20.3,19.7,20.1,20.0,8.20
2026-02-04 13:00:00,20.7,19.7,20.3,20.0,13.1
2026-02-04 19:00:00,19.9,19.7,20.2,19.8,9.74
2026-02-05 01:00:00,19.1,18.4,19.5,19.1,7.94
2026-02-05 07:00:00,20.2,19.7,20.1,19.9,10.7
2026-02-05 13:00:00,20.6,19.8,20.3,20.0,16.1
2026-02-05 19:00:00,20.0,19.7,20.2,19.9,12.4
2026-02-06 01:00:00,19.1,18.4,19.4,19.1,7.84
2026-02-06 07:00:00,20.4,19.8,20.0,20.0,9.34
2026-02-06 13:00:00,20.9,19.7,20.2,20.0,15.1
2026-02-06 19:00:00,20.0,19.7,20.2,19.9,11.0
2026-02-07 01:00:00,19.2,18.4,19.4,19.1,7.98
2026-02-07 07:00:00,20.4,19.8,20.0,20.0,10.8
2026-02-07 13:00:00,21.0,19.8,20.3,20.0,17.0
2026-02-07 19:00:00,20.2,19.7,20.3,19.9,12.4
2026-02-08 01:00:00,19.2,18.3,19.4,19.1,7.57
2026-02-08 07:00:00,20.3,19.7,20.0,19.9,8.81
2026-02-08 13:00:00,21.0,19.7,20.2,20.0,14.8
2026-02-08 19:00:00,20.0,19.6,20.1,19.8,10.5
2026-02-09 01:00:00,19.1,18.1,19.3,19.0,6.20
2026-02-09 07:00:00,20.1,19.6,19.9,19.8,8.45
2026-02-09 13:00:00,20.9,20,20.2,20.0,14.6
2026-02-09 19:00:00,20.0,19.7,20.1,19.8,10.6
2026-02-10 01:00:00,19.2,18.2,19.4,19.1,7.58
2026-02-10 07:00:00,20.0,19.6,19.9,19.8,9.93
2026-02-10 13:00:00,20.6,20,20.2,20.0,15.1
2026-02-10 19:00:00,20.0,19.7,20.1,19.9,11.5
2026-02-11 01:00:00,19.2,18.4,19.4,19.1,8.30
2026-02-11 07:00:00,20.2,19.7,20.0,19.9,10.4
2026-02-11 13:00:00,20.7,19.7,20.2,20.0,15.8
2026-02-11 19:00:00,20.0,19.7,20.1,19.8,11.7
2026-02-12 01:00:00,19.1,18.2,19.3,19.0,7.36
2026-02-12 07:00:00,20.4,19.7,20.0,20.0,9.47
2026-02-12 13:00:00,21.0,19.7,20.2,20.0,16.2
2026-02-12 19:00:00,20.1,19.7,20.2,19.9,12.1
2026-02-13 01:00:00,19.3,18.4,19.5,19.2,9.09
2026-02-13 07:00:00,20.3,19.8,20.0,20.0,11.8
2026-02-13 13:00:00,21.0,19.8,20.3,20.0,18.2
2026-02-13 19:00:00,20.2,19.7,20.2,19.9,13.3
2026-02-14 01:00:00,19.1,18.2,19.3,19.0,6.43
2026-02-14 07:00:00,20.0,19.5,19.9,19.8,6.17
2026-02-14 13:00:00,20.6,19.4,20.1,19.8,10.9
2026-02-14 19:00:00,19.8,19.5,19.9,19.7,6.74
2026-02-15 01:00:00,18.5,17.6,19.0,18.6,3.26
2026-02-15 07:00:00,20.2,19.5,19.9,19.8,6.59
2026-02-15 13:00:00,20.6,19.4,20.0,19.8,13.6
2026-02-15 19:00:00,19.9,19.6,20.0,19.8,9.96
2026-02-16 01:00:00,19.0,18.1,19.2,18.9,8.38
2026-02-16 07:00:00,19.9,19.6,19.8,19.8,11.3
2026-02-16 13:00:00,20.5,20,20.1,20.0,16.7
2026-02-16 19:00:00,20.0,19.8,20.1,19.9,13.6
2026-02-17 01:00:00,19.4,18.6,19.5,19.2,11.1
2026-02-17 07:00:00,20.0,19.7,19.9,19.8,12.9
2026-02-17 13:00:00,20.5,20,20.2,20.0,16.9
2026-02-17 19:00:00,20.0,19.8,20.2,19.9,13.5
2026-02-18 01:00:00,19.1,18.5,19.4,19.1,9.48
2026-02-18 07:00:00,20.1,19.8,20.0,19.9,11.1
2026-02-18 13:00:00,20.6,19.8,20.2,20.0,16.5
2026-02-18 19:00:00,19.9,19.7,20.1,19.9,12.3
2026-02-19 01:00:00,19.0,18.4,19.3,19.0,8.20
2026-02-19 07:00:00,20.6,19.9,20.0,20.1,11.7
2026-02-19 13:00:00,21.2,19.9,20.3,20.1,19.3
2026-02-19 19:00:00,20.4,19.8,20.3,20.0,14.4
2026-02-20 01:00:00,19.6,18.7,19.6,19.4,10.4
2026-02-20 07:00:00,20.5,19.9,20.1,20.1,12.9
2026-02-20 13:00:00,21.2,20.0,20.4,20.3,18.9
2026-02-20 19:00:00,20.6,19.9,20.5,20.1,15.0
2026-02-21 01:00:00,19.8,19.0,19.8,19.6,11.6
2026-02-21 07:00:00,20.6,20.0,20.3,20.2,14.2
2026-02-21 13:00:00,21.5,20.2,20.6,20.5,20.9
2026-02-21 19:00:00,21.0,20.1,20.7,20.4,17.0
2026-02-22 01:00:00,20.2,19.4,20.1,19.9,13.2
2026-02-22 07:00:00,20.6,20.0,20.4,20.2,14.5
2026-02-22 13:00:00,21.6,20.3,20.7,20.6,20.7
2026-02-22 19:00:00,21.1,20.2,20.9,20.6,17.0
2026-02-23 01:00:00,20.2,19.4,20.2,20.0,12.1
2026-02-23 07:00:00,20.6,19.9,20.4,20.2,13.1
2026-02-23 13:00:00,21.5,20.4,20.9,20.7,17.9
2026-02-23 19:00:00,21.0,20.1,20.9,20.5,15.1
2026-02-24 01:00:00,20.4,19.6,20.4,20.1,13.5
2026-02-24 07:00:00,20.6,20.0,20.6,20.3,14.5
2026-02-24 13:00:00,20.8,20.1,20.8,20.4,15.9
2026-02-24 19:00:00,20.6,20.0,20.8,20.3,14.1
2026-02-25 01:00:00,19.9,19.1,20.1,19.8,10.5
2026-02-25 07:00:00,20.9,20.2,20.5,20.5,12.7
2026-02-25 13:00:00,21.7,20.4,20.9,20.7,19.1
2026-02-25 19:00:00,20.8,19.9,20.9,20.4,13.8
2026-02-26 01:00:00,19.8,19.0,20.0,19.7,8.75
2026-02-26 07:00:00,21.0,20.2,20.5,20.5,11.8
2026-02-26 13:00:00,21.8,20.3,20.9,20.7,18.5
2026-02-26 19:00:00,21.0,20.0,20.9,20.5,14.0
2026-02-27 01:00:00,20.2,19.2,20.3,20.0,10.8
2026-02-27 07:00:00,20.9,20.2,20.6,20.5,13.7
2026-02-27 13:00:00,21.8,20.5,21.0,20.8,19.8
2026-02-27 19:00:00,21.3,20.3,21.1,20.7,15.9
2026-02-28 01:00:00,20.4,19.4,20.4,20.1,11.4
2026-02-28 07:00:00,21.2,20.3,20.7,20.7,14.0
2026-02-28 13:00:00,22.1,20.7,21.2,21.0,20.5
2026-02-28 19:00:00,21.5,20.4,21.2,20.9,16.2
2026-03-01 01:00:00,20.6,19.6,20.6,20.3,12.1
2026-03-01 07:00:00,21.2,20.3,20.9,20.7,13.4
2026-03-01 13:00:00,21.9,20.6,21.2,21.0,17.5
2026-03-01 19:00:00,21.3,20.3,21.2,20.8,14.6
2026-03-02 01:00:00,20.5,19.6,20.6,20.3,11.5
2026-03-02 07:00:00,21.3,20.3,20.9,20.8,13.9
2026-03-02 13:00:00,21.8,20.8,21.3,21.1,17.7
2026-03-02 19:00:00,21.2,20.2,21.3,20.8,13.7
2026-03-03 01:00:00,20.3,19.3,20.5,20.1,9.10
2026-03-03 07:00:00,21.2,20.2,20.8,20.8,11.5
2026-03-03 13:00:00,22.1,20.7,21.3,21.1,17.3
2026-03-03 19:00:00,21.1,20.1,21.2,20.7,12.9
2026-03-04 01:00:00,20.3,19.3,20.5,20.2,9.31
2026-03-04 07:00:00,21.0,20.2,20.8,20.7,11.3
2026-03-04 13:00:00,21.6,20.4,21.2,20.9,15.1
2026-03-04 19:00:00,20.9,20.0,21.1,20.6,12.3
2026-03-05 01:00:00,20.3,19.3,20.5,20.1,10.4
2026-03-05 07:00:00,21.4,20.5,20.9,20.9,13.6
2026-03-05 13:00:00,21.3,20.3,21.2,20.9,15.2
2026-03-05 19:00:00,20.8,20.0,21.1,20.6,12.5
2026-03-06 01:00:00,20.2,19.3,20.4,20.1,10.1
2026-03-06 07:00:00,21.2,20.4,20.8,20.8,12.8
2026-03-06 13:00:00,21.9,20.6,21.2,21.0,17.9
2026-03-06 19:00:00,21.1,20.1,21.2,20.8,13.7
2026-03-07 01:00:00,20.2,19.3,20.4,20.1,9.50
2026-03-07 07:00:00,21.2,20.4,20.8,20.8,12.3
2026-03-07 13:00:00,22.0,20.6,21.3,21.0,18.0
2026-03-07 19:00:00,21.1,20.1,21.2,20.7,13.1
2026-03-08 01:00:00,20.1,19.1,20.3,20.0,7.47
2026-03-08 07:00:00,21.2,20.2,20.7,20.8,9.08
2026-03-08 13:00:00,21.8,20.3,21.1,20.8,13.8
2026-03-08 19:00:00,20.7,19.8,20.9,20.3,9.10
2026-03-09 01:00:00,19.8,18.7,20.1,19.7,5.61
2026-03-09 07:00:00,21.0,19.9,20.5,20.5,9.74
2026-03-09 13:00:00,21.9,20.3,21.1,20.8,16.2
2026-03-09 19:00:00,20.8,19.9,21.0,20.4,11.6
2026-03-10 01:00:00,20.0,18.9,20.2,19.9,7.71
2026-03-10 07:00:00,21.1,20.0,20.6,20.6,11.2
2026-03-10 13:00:00,22.0,20.5,21.2,21.0,17.4
2026-03-10 19:00:00,21.1,19.9,21.1,20.6,12.8
2026-03-11 01:00:00,20.2,19.1,20.3,20.0,9.04
2026-03-11 07:00:00,21.4,20.4,20.7,20.9,12.7
2026-03-11 13:00:00,22.2,20.5,21.2,21.0,19.1
2026-03-11 19:00:00,21.4,20.1,21.2,20.8,14.2
2026-03-12 01:00:00,20.4,19.2,20.4,20.1,9.03
2026-03-12 07:00:00,21.6,20.4,20.8,21.0,12.3
2026-03-12 13:00:00,22.4,20.6,21.3,21.1,18.7
2026-03-12 19:00:00,21.4,20.1,21.3,20.9,13.6
2026-03-13 01:00:00,20.6,19.3,20.5,20.2,9.25
2026-03-13 07:00:00,21.7,20.5,20.9,21.0,12.8
2026-03-13 13:00:00,22.5,20.7,21.4,21.3,19.0
2026-03-13 19:00:00,21.7,20.3,21.4,21.1,14.6
2026-03-14 01:00:00,20.9,19.6,20.7,20.5,11.2
2026-03-14 07:00:00,21.7,20.5,21.1,21.1,14.0
2026-03-14 13:00:00,22.3,20.8,21.5,21.3,18.3
2026-03-14 19:00:00,21.7,20.4,21.5,21.1,14.7
2026-03-15 01:00:00,20.9,19.7,20.8,20.5,11.0
2026-03-15 07:00:00,21.8,20.7,21.2,21.2,14.1
2026-03-15 13:00:00,22.6,21.0,21.6,21.5,19.9
2026-03-15 19:00:00,21.9,20.7,21.6,21.3,15.5
2026-03-16 01:00:00,21.0,19.8,20.9,20.7,11.3
2026-03-16 07:00:00,21.8,20.6,21.3,21.2,14.1
2026-03-16 13:00:00,22.8,21.3,21.8,21.7,19.7
2026-03-16 19:00:00,22.0,20.8,21.8,21.5,15.9
2026-03-17 01:00:00,21.3,20.2,21.2,21.0,13.4
2026-03-17 07:00:00,22.7,21.4,21.7,22.0,17.7
2026-03-17 13:00:00,23.6,22.0,22.3,22.3,24.7
2026-03-17 19:00:00,23.0,21.7,22.3,22.2,20.3
2026-03-18 01:00:00,21.9,20.8,21.7,21.5,14.1
2026-03-18 07:00:00,22.8,21.5,21.9,22.2,16.0
2026-03-18 13:00:00,23.5,21.8,22.4,22.3,21.1
2026-03-18 19:00:00,22.7,21.5,22.4,22.1,16.3
2026-03-19 01:00:00,21.8,20.6,21.6,21.4,11.8
2026-03-19 07:00:00,22.8,21.5,22.1,22.2,15.3
2026-03-19 13:00:00,23.6,22.0,22.5,22.4,21.5
2026-03-19 19:00:00,22.9,21.6,22.5,22.2,16.9
2026-03-20 01:00:00,21.8,20.6,21.7,21.5,11.0
2026-03-20 07:00:00,22.9,21.6,22.1,22.3,13.9
2026-03-20 13:00:00,23.6,22.0,22.6,22.5,19.6
2026-03-20 19:00:00,22.7,21.4,22.5,22.2,14.7
2026-03-21 01:00:00,21.7,20.5,21.7,21.4,9.58
2026-03-21 07:00:00,23.0,21.7,22.2,22.4,13.6
2026-03-21 13:00:00,23.8,22.0,22.7,22.6,20.6
2026-03-21 19:00:00,23.0,21.7,22.7,22.4,15.8
2026-03-22 01:00:00,22.1,20.8,21.9,21.7,11.6
2026-03-22 07:00:00,23.2,21.9,22.4,22.6,15.6
2026-03-22 13:00:00,23.9,22.3,22.9,22.8,21.9
2026-03-22 19:00:00,23.2,21.9,22.9,22.6,17.0
2026-03-23 01:00:00,22.2,21.0,22.1,21.9,11.7
2026-03-23 07:00:00,23.0,21.9,22.4,22.6,14.7
2026-03-23 13:00:00,23.9,22.5,23.0,22.9,20.4
2026-03-23 19:00:00,23.1,21.9,22.9,22.6,16.0
2026-03-24 01:00:00,22.2,21.1,22.2,21.9,11.8
2026-03-24 07:00:00,23.0,22.0,22.6,22.6,15.1
2026-03-24 13:00:00,23.8,22.6,23.1,23.0,20.4
2026-03-24 19:00:00,23.1,22.1,23.0,22.7,16.7
2026-03-25 01:00:00,22.3,21.3,22.3,22.1,13.3
2026-03-25 07:00:00,22.8,21.9,22.7,22.4,15.3
2026-03-25 13:00:00,23.4,22.3,23.0,22.7,19.1
2026-03-25 19:00:00,22.9,21.9,23.0,22.5,15.8
2026-03-26 01:00:00,22.0,21.0,22.2,21.8,11.2
2026-03-26 07:00:00,23.0,22.0,22.6,22.6,14.5
2026-03-26 13:00:00,23.6,22.5,23.0,22.8,20.2
2026-03-26 19:00:00,22.9,22.0,23.0,22.6,16.1
2026-03-27 01:00:00,22.2,21.3,22.3,22.0,13.0
2026-03-27 07:00:00,23.1,22.2,22.7,22.7,17.0
2026-03-27 13:00:00,23.8,22.7,23.1,23.0,22.8
2026-03-27 19:00:00,23.4,22.5,23.2,23.0,19.1
2026-03-28 01:00:00,22.7,21.9,22.7,22.5,16.2
2026-03-28 07:00:00,23.0,22.2,23.0,22.7,17.3
2026-03-28 13:00:00,23.4,22.6,23.2,22.9,19.9
2026-03-28 19:00:00,23.1,22.3,23.2,22.8,17.1
2026-03-29 01:00:00,22.2,21.5,22.4,22.1,13.1
2026-03-29 08:00:00,22.9,22.2,22.8,22.6,15.4
2026-03-29 14:00:00,23.5,22.7,23.2,22.9,19.9
2026-03-29 20:00:00,23.0,22.3,23.2,22.7,16.6
2026-03-30 02:00:00,22.3,21.6,22.5,22.2,14.3
2026-03-30 08:00:00,23.5,22.8,23.0,23.2,18.3
2026-03-30 14:00:00,23.3,22.7,23.3,23.0,19.1
2026-03-30 20:00:00,23.0,22.4,23.2,22.8,16.6
2026-03-31 02:00:00,22.3,21.7,22.6,22.3,14.1
2026-03-31 08:00:00,23.4,22.8,23.1,23.2,18.0
2026-03-31 14:00:00,24.2,23.4,23.6,23.5,23.7
2026-03-31 20:00:00,23.2,22.6,23.3,23.0,18.8
2026-04-01 02:00:00,19.0,18.6,20.1,19.7,12.8
2026-04-01 08:00:00,19.6,19.2,20.1,20.0,14.8
2026-04-01 14:00:00,21.1,20.9,21.2,21.1,18.9
2026-04-01 20:00:00,19.3,18.9,20.0,19.6,14.7
2026-04-02 02:00:00,18.1,18.0,18.4,18.3,10.9
2026-04-02 08:00:00,19.4,19.2,19.4,19.5,15.2
2026-04-02 14:00:00,22.2,21.6,21.4,21.4,21.1
2026-04-02 20:00:00,19.6,19.3,19.9,19.7,16.1
2026-04-03 02:00:00,18.0,18.0,18.2,18.1,10.2
2026-04-03 08:00:00,18.5,18.3,18.5,18.6,13.0
2026-04-03 14:00:00,19.9,19.8,19.9,19.8,17.7
2026-04-03 20:00:00,18.3,18.2,18.7,18.4,13.8
2026-04-04 02:00:00,18.1,17.9,18.2,18.0,12.2
2026-04-04 08:00:00,19.7,19.5,19.3,19.5,17.1
2026-04-04 14:00:00,21.3,20.9,20.6,20.7,21.0
2026-04-04 20:00:00,19.7,19.6,19.8,19.7,17.5
2026-04-05 02:00:00,18.6,18.4,18.9,18.8,15.6
2026-04-05 08:00:00,20.5,20.3,20.1,20.3,19.6
2026-04-05 14:00:00,21.5,21.2,21.0,21.0,25.1
2026-04-05 20:00:00,21.4,21.2,21.2,21.1,20.9
2026-04-06 02:00:00,19.2,19.0,19.5,19.4,16.5
2026-04-06 08:00:00,20.8,20.6,20.5,20.6,19.3
2026-04-06 14:00:00,22.0,21.7,21.5,21.5,23.2
2026-04-06 20:00:00,21.2,21.1,21.1,21.0,19.5
2026-04-07 02:00:00,19.6,19.4,19.9,19.7,17.2
2026-04-07 08:00:00,21.2,21.1,21.0,21.0,20.3
2026-04-07 14:00:00,22.2,22.0,21.8,21.7,25.0
2026-04-07 20:00:00,22.1,21.9,21.9,21.8,21.7
2026-04-08 02:00:00,20.1,20.0,20.4,20.2,17.8
2026-04-08 08:00:00,21.2,21.1,21.1,21.1,20.4
2026-04-08 14:00:00,22.1,22.0,21.9,21.7,24.5
2026-04-08 20:00:00,21.6,21.5,21.6,21.5,20.4
2026-04-09 02:00:00,19.1,19.0,19.7,19.5,15.6
2026-04-09 08:00:00,20.9,20.8,20.7,20.9,19.4
2026-04-09 14:00:00,22.1,22.0,21.8,21.8,24.8
2026-04-09 20:00:00,21.7,21.6,21.6,21.5,20.3
2026-04-10 02:00:00,19.8,19.6,20.2,20.0,17.2
2026-04-10 08:00:00,21.7,21.6,21.4,21.5,21.8
2026-04-10 14:00:00,22.5,22.3,22.1,22.1,27.6
2026-04-10 20:00:00,22.6,22.4,22.4,22.3,23.1
2026-04-11 02:00:00,21.6,21.6,21.6,21.6,19.7
2026-04-11 08:00:00,22.4,22.3,22.2,22.2,23.1
2026-04-11 14:00:00,23.0,22.9,22.6,22.6,29.0
2026-04-11 20:00:00,22.9,22.8,22.8,22.7,23.8
2026-04-12 02:00:00,20.0,19.8,20.5,20.3,16.4
2026-04-12 08:00:00,21.3,21.3,21.3,21.4,19.1
2026-04-12 14:00:00,22.7,22.6,22.5,22.4,23.5
2026-04-12 20:00:00,21.0,20.8,21.3,21.1,18.3
2026-04-13 02:00:00,18.4,18.3,19.3,19.0,13.1
2026-04-13 08:00:00,20.4,20.3,20.4,20.5,17.4
2026-04-13 14:00:00,22.5,22.4,22.1,22.0,22.8
2026-04-13 20:00:00,20.6,20.6,21.0,20.8,18.1
2026-04-14 02:00:00,18.5,18.4,19.2,19.0,13.7
2026-04-14 08:00:00,20.4,20.4,20.4,20.5,17.9
2026-04-14 14:00:00,22.3,22.2,21.9,21.9,23.3
2026-04-14 20:00:00,20.7,20.6,21.0,20.8,18.4
2026-04-15 02:00:00,18.3,18.3,19.0,18.7,13.4
2026-04-15 08:00:00,20.1,20.0,20.1,20.2,17.4
2026-04-15 14:00:00,21.8,21.7,21.5,21.4,22.7
2026-04-15 20:00:00,20.2,20.2,20.6,20.4,17.8
2026-04-16 02:00:00,18.2,18.1,18.7,18.5,13.1
2026-04-16 08:00:00,19.8,19.8,19.8,19.8,17.0
2026-04-16 14:00:00,21.6,21.5,21.2,21.2,22.1
2026-04-16 20:00:00,20.0,19.9,20.3,20.1,17.5
2026-04-17 02:00:00,18.2,18.1,18.7,18.4,13.6
2026-04-17 08:00:00,19.5,19.5,19.6,19.5,16.8
2026-04-17 14:00:00,21.4,21.3,21.0,20.9,20.9
2026-04-17 20:00:00,19.6,19.5,19.9,19.7,16.9
2026-04-18 02:00:00,18.1,18.0,18.3,18.2,12.2
2026-04-18 08:00:00,19.4,19.4,19.3,19.4,16.3
2026-04-18 14:00:00,21.3,21.1,20.8,20.8,21.4
2026-04-18 20:00:00,19.3,19.2,19.6,19.4,16.4
2026-04-19 02:00:00,18.0,18.0,18.1,18.0,11.1
2026-04-19 08:00:00,18.9,18.9,18.9,19.0,15.1
2026-04-19 14:00:00,21.1,20.9,20.6,20.5,20.2
2026-04-19 20:00:00,18.8,18.7,19.2,18.9,15.6
2026-04-20 02:00:00,18.0,18.0,18.1,18.1,12.1
2026-04-20 08:00:00,19.4,19.3,19.2,19.3,16.6
2026-04-20 14:00:00,21.2,21.1,20.7,20.7,21.4
2026-04-20 20:00:00,19.3,19.3,19.6,19.4,16.8
2026-04-21 02:00:00,18.0,18.0,18.2,18.1,12.3
2026-04-21 08:00:00,19.2,19.2,19.1,19.2,16.1
2026-04-21 14:00:00,21.2,21.0,20.6,20.6,20.8
2026-04-21 20:00:00,19.1,19.0,19.4,19.2,16.3
2026-04-22 02:00:00,18.0,18.0,18.1,18.1,12.4
2026-04-22 08:00:00,19.4,19.3,19.2,19.3,16.8
2026-04-22 14:00:00,20.9,20.7,20.5,20.4,22.2
2026-04-22 20:00:00,19.7,19.6,19.8,19.7,17.6
2026-04-23 02:00:00,18.0,18.0,18.3,18.2,13.4
2026-04-23 08:00:00,19.7,19.6,19.4,19.5,17.7
2026-04-23 14:00:00,20.9,20.8,20.6,20.5,22.7
2026-04-23 20:00:00,19.9,19.9,20.1,19.9,18.1
2026-04-24 02:00:00,18.1,18.1,18.4,18.2,14.0
2026-04-24 08:00:00,19.6,19.5,19.4,19.5,17.2
2026-04-24 14:00:00,20.8,20.8,20.5,20.4,20.0
2026-04-24 20:00:00,19.0,18.9,19.3,19.1,16.5
2026-04-25 02:00:00,18.1,18.1,18.3,18.2,14.3
2026-04-25 08:00:00,18.5,18.5,18.8,18.6,15.9
2026-04-25 14:00:00,20.5,20.4,20.2,20.0,20.4
2026-04-25 20:00:00,20.3,20.2,20.2,20.0,19.0
2026-04-26 02:00:00,18.2,18.2,18.5,18.4,14.8
2026-04-26 08:00:00,19.1,19.1,19.2,19.1,16.7
2026-04-26 14:00:00,20.5,20.4,20.3,20.1,19.1
2026-04-26 20:00:00,18.6,18.6,19.0,18.7,15.9
2026-04-27 02:00:00,18.0,18.0,18.1,18.1,13.2
2026-04-27 08:00:00,19.8,19.9,19.5,19.7,18.6
2026-04-27 14:00:00,21.1,21.1,20.7,20.6,23.9
2026-04-27 20:00:00,20.2,20.2,20.3,20.1,19.0
2026-04-28 02:00:00,18.1,18.1,18.4,18.2,13.7
2026-04-28 08:00:00,19.7,19.7,19.5,19.7,17.7
2026-04-28 14:00:00,21.1,21.1,20.8,20.7,22.3
2026-04-28 20:00:00,19.5,19.4,19.8,19.6,17.1
2026-04-29 02:00:00,18.0,18.0,18.1,18.0,11.9
2026-04-29 08:00:00,19.2,19.2,19.1,19.2,16.2
2026-04-29 14:00:00,20.9,20.8,20.4,20.4,20.9
2026-04-29 20:00:00,18.9,18.8,19.2,19.0,15.9
2026-04-30 02:00:00,17.9,17.9,18.1,18.0,11.3
2026-04-30 08:00:00,18.2,18.2,18.3,18.3,14.2
2026-04-30 14:00:00,19.1,19.1,19.2,19.1,17.1
2026-04-30 20:00:00,18.1,18.1,18.5,18.2,15.0
2026-05-01 02:00:00,18.0,18.0,18.1,18.1,14.7
2026-05-01 08:00:00,20.0,20.0,19.6,19.8,20.0
2026-05-01 14:00:00,20.6,20.7,20.3,20.3,24.5
2026-05-01 20:00:00,20.8,20.8,20.6,20.5,21.1
2026-05-02 02:00:00,20.5,20.5,20.4,20.4,18.8
2026-05-02 08:00:00,21.0,21.0,20.7,20.7,21.2
2026-05-02 14:00:00,21.2,21.2,21.0,20.9,24.1
2026-05-02 20:00:00,21.4,21.4,21.3,21.1,21.9
2026-05-03 02:00:00,20.6,20.6,20.6,20.5,18.7
2026-05-03 08:00:00,21.6,21.7,21.3,21.5,22.6
2026-05-03 14:00:00,21.8,21.9,21.6,21.6,24.9
2026-05-03 20:00:00,21.6,21.6,21.6,21.5,20.9
2026-05-04 02:00:00,19.4,19.4,19.9,19.7,16.7
2026-05-04 08:00:00,21.4,21.5,21.1,21.4,20.7
2026-05-04 14:00:00,22.4,22.5,22.0,22.1,25.8
2026-05-04 20:00:00,22.1,22.1,22.0,21.9,21.6
2026-05-05 02:00:00,20.1,20.1,20.4,20.4,17.8
2026-05-05 08:00:00,21.8,21.9,21.6,21.7,21.2
2026-05-05 14:00:00,22.8,22.9,22.4,22.4,26.2
2026-05-05 20:00:00,22.6,22.6,22.5,22.4,22.5
2026-05-06 02:00:00,20.5,20.5,20.9,20.8,18.2
2026-05-06 08:00:00,22.2,22.3,22.0,22.2,22.0
2026-05-06 14:00:00,22.8,22.9,22.6,22.6,26.9
2026-05-06 20:00:00,22.7,22.8,22.7,22.6,22.5
2026-05-07 02:00:00,20.3,20.3,20.8,20.6,17.3
2026-05-07 08:00:00,21.9,22.0,21.8,22.0,20.5
2026-05-07 14:00:00,22.9,23.0,22.7,22.7,24.8
2026-05-07 20:00:00,22.2,22.2,22.4,22.2,20.8
2026-05-08 02:00:00,19.8,19.8,20.5,20.3,16.2
2026-05-08 08:00:00,21.5,21.5,21.5,21.6,19.5
2026-05-08 14:00:00,22.7,22.8,22.6,22.5,23.8
2026-05-08 20:00:00,21.8,21.8,22.0,21.8,19.9
2026-05-09 02:00:00,19.4,19.4,20.2,19.9,15.4
2026-05-09 08:00:00,21.1,21.3,21.2,21.3,19.0
2026-05-09 14:00:00,22.6,22.7,22.4,22.4,23.5
2026-05-09 20:00:00,21.5,21.5,21.8,21.6,19.5
2026-05-10 02:00:00,19.2,19.2,20.0,19.7,15.1
2026-05-10 08:00:00,20.8,20.8,20.9,20.9,18.4
2026-05-10 14:00:00,22.4,22.5,22.2,22.1,22.8
2026-05-10 20:00:00,21.4,21.5,21.7,21.5,19.5
2026-05-11 02:00:00,19.7,19.7,20.3,20.1,16.6
2026-05-11 08:00:00,21.9,22.0,21.7,21.9,20.9
2026-05-11 14:00:00,22.8,22.9,22.6,22.6,24.1
2026-05-11 20:00:00,21.8,21.8,22.0,21.8,20.2
2026-05-12 02:00:00,18.9,18.9,19.8,19.6,14.5
2026-05-12 08:00:00,20.5,20.6,20.8,20.8,17.9
2026-05-12 14:00:00,22.5,22.6,22.3,22.2,22.6
2026-05-12 20:00:00,21.3,21.3,21.6,21.4,19.3
2026-05-13 02:00:00,19.2,19.2,19.9,19.7,15.5
2026-05-13 08:00:00,21.2,21.4,21.2,21.4,19.7
2026-05-13 14:00:00,22.4,22.5,22.2,22.2,24.6
2026-05-13 20:00:00,21.7,21.8,21.9,21.7,20.3
2026-05-14 02:00:00,19.3,19.3,20.0,19.8,15.5
2026-05-14 08:00:00,21.0,21.2,21.1,21.2,19.1
2026-05-14 14:00:00,22.3,22.5,22.2,22.1,23.7
2026-05-14 20:00:00,21.7,21.7,21.8,21.7,20.0
2026-05-15 02:00:00,19.9,19.9,20.4,20.3,17.1
2026-05-15 08:00:00,21.9,22.0,21.8,21.9,21.7
2026-05-15 14:00:00,22.7,22.8,22.5,22.4,27.1
2026-05-15 20:00:00,22.7,22.7,22.6,22.5,22.7
2026-05-16 02:00:00,20.3,20.3,20.8,20.6,17.5
2026-05-16 08:00:00,21.8,21.9,21.8,21.9,20.7
2026-05-16 14:00:00,22.7,22.8,22.6,22.5,24.8
2026-05-16 20:00:00,22.3,22.4,22.4,22.3,21.1
2026-05-17 02:00:00,20.4,20.4,20.9,20.7,17.8
2026-05-17 08:00:00,22.1,22.2,22.1,22.1,21.4
2026-05-17 14:00:00,22.8,23.0,22.8,22.6,25.0
2026-05-17 20:00:00,22.5,22.6,22.6,22.5,21.4
2026-05-18 02:00:00,20.3,20.4,20.9,20.7,17.5
2026-05-18 08:00:00,22.1,22.2,22.1,22.1,20.7
2026-05-18 14:00:00,23.1,23.3,23.0,22.9,24.0
2026-05-18 20:00:00,22.2,22.3,22.4,22.2,20.4
2026-05-19 02:00:00,20.2,20.3,20.9,20.7,17.2
2026-05-19 08:00:00,22.5,22.7,22.3,22.5,22.1
2026-05-19 14:00:00,23.5,23.7,23.3,23.3,27.5
2026-05-19 20:00:00,23.4,23.5,23.4,23.2,23.4
2026-05-20 02:00:00,22.4,22.4,22.4,22.4,20.5
2026-05-20 08:00:00,23.5,23.7,23.4,23.4,25.7
2026-05-20 14:00:00,24.0,24.1,23.7,23.7,31.5
2026-05-20 20:00:00,24.1,24.2,24.0,23.9,26.6
2026-05-21 02:00:00,22.6,22.6,22.8,22.7,20.6
2026-05-21 08:00:00,23.8,24.0,23.7,23.8,24.8
2026-05-21 14:00:00,24.3,24.5,24.1,24.1,30.0
2026-05-21 20:00:00,24.3,24.4,24.3,24.2,24.9
2026-05-22 02:00:00,21.9,21.9,22.4,22.3,19.2
2026-05-22 08:00:00,23.7,23.8,23.6,23.7,23.4
2026-05-22 14:00:00,24.4,24.6,24.3,24.2,28.3
2026-05-22 20:00:00,24.2,24.3,24.2,24.1,23.6
2026-05-23 02:00:00,21.9,21.9,22.4,22.3,19.0
2026-05-23 08:00:00,23.7,23.9,23.7,23.8,23.6
2026-05-23 14:00:00,24.5,24.8,24.4,24.4,28.9
2026-05-23 20:00:00,24.2,24.3,24.3,24.2,23.9
2026-05-24 02:00:00,21.5,21.6,22.2,22.0,18.0
2026-05-24 08:00:00,23.4,23.6,23.5,23.6,22.5
2026-05-24 14:00:00,24.5,24.7,24.4,24.3,27.8
2026-05-24 20:00:00,24.0,24.2,24.2,24.0,23.1
2026-05-25 02:00:00,21.8,21.8,22.4,22.2,18.7
2026-05-25 08:00:00,23.8,24.0,23.8,23.8,23.1
2026-05-25 14:00:00,24.9,25.1,24.7,24.7,27.9
2026-05-25 20:00:00,24.5,24.6,24.6,24.4,23.8
2026-05-26 02:00:00,22.4,22.5,22.9,22.8,19.9
2026-05-26 08:00:00,24.4,24.5,24.3,24.3,24.3
2026-05-26 14:00:00,25.2,25.4,25.0,25.0,29.1
2026-05-26 20:00:00,24.9,25.1,25.0,24.8,24.7
2026-05-27 02:00:00,22.7,22.8,23.2,23.1,20.2
2026-05-27 08:00:00,24.5,24.7,24.5,24.5,25.1
2026-05-27 14:00:00,25.2,25.5,25.1,25.1,30.6
2026-05-27 20:00:00,25.3,25.5,25.3,25.2,25.9
2026-05-28 02:00:00,23.8,23.8,23.9,23.9,21.7
2026-05-28 08:00:00,25.2,25.4,25.1,25.1,26.5
2026-05-28 14:00:00,25.7,25.9,25.5,25.5,32.0
2026-05-28 20:00:00,25.6,25.8,25.6,25.5,26.7
2026-05-29 02:00:00,22.9,23.0,23.6,23.4,19.9
2026-05-29 08:00:00,24.6,24.9,24.7,24.8,23.9
2026-05-29 14:00:00,25.6,25.8,25.5,25.4,28.8
2026-05-29 20:00:00,25.0,25.1,25.2,25.0,23.9
2026-05-30 02:00:00,22.4,22.5,23.2,23.0,18.8
2026-05-30 08:00:00,24.1,24.3,24.3,24.3,22.6
2026-05-30 14:00:00,25.4,25.6,25.4,25.2,27.4
2026-05-30 20:00:00,24.7,24.8,24.9,24.7,23.2
2026-05-31 02:00:00,22.2,22.3,23.0,22.8,18.4
2026-05-31 08:00:00,24.1,24.4,24.3,24.3,22.8
2026-05-31 14:00:00,25.4,25.6,25.3,25.2,27.9
2026-05-31 20:00:00,24.9,25.0,25.0,24.9,23.6
2026-06-01 02:00:00,23.0,23.0,23.5,23.4,20.3
2026-06-01 08:00:00,24.9,25.1,24.9,24.9,24.3
2026-06-01 14:00:00,25.8,26.0,25.7,25.6,28.6
2026-06-01 20:00:00,25.5,25.6,25.5,25.4,24.8
2026-06-02 02:00:00,23.3,23.4,23.8,23.7,20.8
2026-06-02 08:00:00,25.1,25.3,25.1,25.1,24.6
2026-06-02 14:00:00,26.0,26.0,25.9,25.8,29.2
2026-06-02 20:00:00,25.6,25.6,25.7,25.5,25.0
2026-06-03 02:00:00,23.3,23.4,23.9,23.7,20.5
2026-06-03 08:00:00,25.0,25.2,25.1,25.0,24.5
2026-06-03 14:00:00,25.8,26.0,25.8,25.7,29.3
2026-06-03 20:00:00,25.4,25.4,25.5,25.4,24.7
2026-06-04 02:00:00,22.7,22.7,23.4,23.2,18.9
2026-06-04 08:00:00,24.3,24.6,24.6,24.6,22.7
2026-06-04 14:00:00,25.6,25.8,25.6,25.5,27.3
2026-06-04 20:00:00,24.8,24.9,25.1,24.9,23.2
2026-06-05 02:00:00,22.8,22.8,23.5,23.2,19.5
2026-06-05 08:00:00,24.7,24.9,24.8,24.8,24.0
2026-06-05 14:00:00,25.6,25.9,25.6,25.5,29.1
2026-06-05 20:00:00,25.4,25.5,25.5,25.3,24.7
2026-06-06 02:00:00,23.0,23.1,23.7,23.5,20.0
2026-06-06 08:00:00,24.7,24.9,24.8,24.8,23.7
2026-06-06 14:00:00,25.6,25.9,25.6,25.5,28.1
2026-06-06 20:00:00,25.1,25.2,25.3,25.1,24.0
2026-06-07 02:00:00,22.7,22.8,23.5,23.3,19.4
2026-06-07 08:00:00,24.5,24.8,24.7,24.7,23.5
2026-06-07 14:00:00,25.6,25.9,25.6,25.5,28.2
2026-06-07 20:00:00,25.0,25.1,25.2,25.0,23.7
2026-06-08 02:00:00,22.3,22.4,23.1,22.9,18.3
2026-06-08 08:00:00,24.2,24.4,24.4,24.4,22.3
2026-06-08 14:00:00,25.6,25.9,25.6,25.5,26.8
2026-06-08 20:00:00,24.6,24.7,24.9,24.7,22.8
2026-06-09 02:00:00,22.4,22.5,23.2,23.0,18.8
2026-06-09 08:00:00,24.5,24.7,24.5,24.6,23.1
2026-06-09 14:00:00,25.7,26.0,25.6,25.6,28.1
2026-06-09 20:00:00,25.0,25.2,25.2,25.1,23.8
2026-06-10 02:00:00,22.7,22.8,23.4,23.2,19.5
2026-06-10 08:00:00,24.6,24.9,24.7,24.8,23.8
2026-06-10 14:00:00,25.6,25.9,25.6,25.5,28.7
2026-06-10 20:00:00,25.3,25.5,25.4,25.3,24.6
2026-06-11 02:00:00,23.2,23.3,23.8,23.6,20.6
2026-06-11 08:00:00,25.0,25.2,25.1,25.0,24.8
2026-06-11 14:00:00,25.8,26.0,25.7,25.6,29.5
2026-06-11 20:00:00,25.7,25.8,25.8,25.6,25.4
2026-06-12 02:00:00,23.5,23.6,24.0,23.9,20.9
2026-06-12 08:00:00,25.2,25.4,25.3,25.2,25.1
2026-06-12 14:00:00,25.9,26.0,25.9,25.8,30.0
2026-06-12 20:00:00,25.9,25.9,25.9,25.9,25.9
2026-06-13 02:00:00,24.2,24.2,24.5,24.4,22.1
2026-06-13 08:00:00,25.7,25.9,25.7,25.7,25.8
2026-06-13 14:00:00,26.0,26.1,26.0,26.0,30.5
2026-06-13 20:00:00,26.0,26.1,26.1,26.0,26.5
2026-06-14 02:00:00,24.0,24.1,24.5,24.4,21.5
2026-06-14 08:00:00,25.7,25.9,25.7,25.7,25.6
2026-06-14 14:00:00,26.1,26.1,26.0,26.0,30.5
2026-06-14 20:00:00,25.8,25.8,25.9,25.8,25.8
2026-06-15 02:00:00,23.5,23.5,24.1,23.9,20.2
2026-06-15 08:00:00,25.2,25.3,25.4,25.3,24.0
2026-06-15 14:00:00,26,26,26,26,28.6
2026-06-15 20:00:00,25.6,25.6,25.7,25.6,24.6
2026-06-16 02:00:00,23.6,23.7,24.2,24.1,20.7
2026-06-16 08:00:00,25.5,25.6,25.6,25.6,25.2
2026-06-16 14:00:00,26,26,26,26,30.4
2026-06-16 20:00:00,26.0,26.0,26.0,26.0,26.1
2026-06-17 02:00:00,24.0,24.1,24.5,24.4,21.5
2026-06-17 08:00:00,25.7,25.9,25.8,25.7,25.6
2026-06-17 14:00:00,26.1,26.1,26.0,26.0,30.5
2026-06-17 20:00:00,26.1,26.2,26.2,26.1,26.5
2026-06-18 02:00:00,24.8,24.8,25.1,25.0,22.8
2026-06-18 08:00:00,26.2,26.4,26.2,26.1,26.2
2026-06-18 14:00:00,26.1,26.2,26.1,26.1,30.4
2026-06-18 20:00:00,26.3,26.4,26.3,26.2,27.3
2026-06-19 02:00:00,26.6,26.7,26.5,26.5,25.5
2026-06-19 08:00:00,27.0,27.3,26.9,26.9,30.5
2026-06-19 14:00:00,26.3,26.4,26.3,26.3,35.9
2026-06-19 20:00:00,26.5,26.6,26.5,26.5,31.6
2026-06-20 02:00:00,26.9,27.0,26.8,26.9,25.7
2026-06-20 08:00:00,27.3,27.6,27.2,27.3,29.6
2026-06-20 14:00:00,26.4,26.4,26.4,26.3,34.4
2026-06-20 20:00:00,26.6,26.7,26.6,26.5,29.8
2026-06-21 02:00:00,26.4,26.5,26.5,26.5,24.5
2026-06-21 08:00:00,27.4,27.6,27.3,27.3,28.3
2026-06-21 14:00:00,26.4,26.5,26.5,26.3,33.1
2026-06-21 20:00:00,26.6,26.7,26.6,26.6,29.0
2026-06-22 02:00:00,26.2,26.2,26.3,26.2,24.2
2026-06-22 08:00:00,26.3,26.4,26.4,26.3,27.4
2026-06-22 14:00:00,26,26,26,26,32.0
2026-06-22 20:00:00,26.6,26.6,26.6,26.5,28.5
2026-06-23 02:00:00,26.1,26.1,26.2,26.2,24.1
2026-06-23 08:00:00,26.3,26.3,26.3,26.3,27.3
2026-06-23 14:00:00,26,26,26,26,31.5
2026-06-23 20:00:00,26.5,26.6,26.5,26.5,27.9
2026-06-24 02:00:00,25.5,25.5,25.8,25.7,23.2
2026-06-24 08:00:00,26.9,27.1,26.9,26.9,26.8
2026-06-24 14:00:00,26.4,26.4,26.4,26.3,31.3
2026-06-24 20:00:00,26.5,26.5,26.6,26.5,27.5
2026-06-25 02:00:00,25.7,25.7,25.9,25.8,23.6
2026-06-25 08:00:00,27.3,27.5,27.2,27.1,28.1
2026-06-25 14:00:00,26.4,26.4,26.4,26.3,33.3
2026-06-25 20:00:00,26.6,26.6,26.6,26.5,28.5
2026-06-26 02:00:00,25.1,25.1,25.5,25.4,22.2
2026-06-26 08:00:00,26.5,26.7,26.6,26.6,25.6
2026-06-26 14:00:00,26.3,26.3,26.3,26.2,29.9
2026-06-26 20:00:00,25.9,25.9,26.1,26.0,25.5
2026-06-27 02:00:00,24.2,24.3,24.9,24.7,20.6
2026-06-27 08:00:00,26.0,26.1,26.1,26.0,24.5
2026-06-27 14:00:00,26.2,26.3,26.2,26.2,29.2
2026-06-27 20:00:00,25.7,25.7,25.9,25.8,24.9
2026-06-28 02:00:00,23.7,23.8,24.5,24.2,19.7
2026-06-28 08:00:00,25.4,25.6,25.6,25.6,23.5
2026-06-28 14:00:00,26.1,26.2,26.1,26.1,28.1
2026-06-28 20:00:00,25.5,25.5,25.7,25.6,24.1
2026-06-29 02:00:00,23.8,23.9,24.5,24.3,20.4
2026-06-29 08:00:00,25.5,25.6,25.6,25.6,24.9
2026-06-29 14:00:00,26,26,26,26,29.9
2026-06-29 20:00:00,25.9,26.0,26.0,26.0,25.7
2026-06-30 02:00:00,24.0,24.1,24.6,24.4,21.0
2026-06-30 08:00:00,25.5,25.6,25.6,25.6,24.8
2026-06-30 14:00:00,26,26,26,26,29.5
2026-06-30 20:00:00,26.1,26.1,26.1,26.1,25.8
2026-07-01 02:00:00,25.0,25.0,25.2,25.1,22.9
2026-07-01 08:00:00,26.5,26.7,26.5,26.4,27.4
2026-07-01 14:00:00,26.2,26.2,26.2,26.1,32.0
2026-07-01 20:00:00,26.4,26.4,26.4,26.3,28.4
2026-07-02 02:00:00,26.2,26.3,26.2,26.2,24.4
2026-07-02 08:00:00,26.8,27.0,26.9,26.8,27.7
2026-07-02 14:00:00,26.2,26.3,26.2,26.2,31.6
2026-07-02 20:00:00,26.5,26.5,26.5,26.4,28.4
2026-07-03 02:00:00,26.5,26.5,26.5,26.5,24.7
2026-07-03 08:00:00,27.1,27.3,27.1,26.9,28.0
2026-07-03 14:00:00,26.3,26.3,26.3,26.2,32.4
2026-07-03 20:00:00,26.5,26.6,26.5,26.4,28.9
2026-07-04 02:00:00,25.8,25.9,26.0,25.9,23.8
2026-07-04 08:00:00,27.0,27.2,27.0,26.9,27.1
2026-07-04 14:00:00,26.3,26.3,26.3,26.2,31.0
2026-07-04 20:00:00,26.4,26.4,26.4,26.4,26.9
2026-07-05 02:00:00,25.1,25.1,25.5,25.4,22.6
2026-07-05 08:00:00,26.8,27.0,26.8,26.7,27.1
2026-07-05 14:00:00,26.3,26.3,26.3,26.2,32.2
2026-07-05 20:00:00,26.4,26.4,26.4,26.4,27.6
2026-07-06 02:00:00,24.7,24.8,25.3,25.1,21.8
2026-07-06 08:00:00,25.8,25.8,25.9,25.9,26.1
2026-07-06 14:00:00,26,26,26,26,31.4
2026-07-06 20:00:00,26.3,26.4,26.4,26.3,26.9
2026-07-07 02:00:00,25.1,25.1,25.5,25.3,22.8
2026-07-07 08:00:00,26.1,26.1,26.1,26.1,27.1
2026-07-07 14:00:00,26,26,26,26,32.1
2026-07-07 20:00:00,26.5,26.6,26.5,26.4,28.3
2026-07-08 02:00:00,26.8,26.8,26.8,26.8,25.0
2026-07-08 08:00:00,27.4,27.6,27.3,27.3,28.8
2026-07-08 14:00:00,26.4,26.5,26.5,26.3,32.2
2026-07-08 20:00:00,26.6,26.7,26.6,26.5,28.4
2026-07-09 02:00:00,26.6,26.6,26.6,26.6,24.7
2026-07-09 08:00:00,27.5,27.8,27.4,27.4,29.4
2026-07-09 14:00:00,26.4,26.5,26.5,26.4,34.9
2026-07-09 20:00:00,26.7,26.8,26.7,26.6,30.4
2026-07-10 02:00:00,27.0,27.0,27.0,26.9,25.3
2026-07-10 08:00:00,27.6,27.8,27.6,27.5,28.5
2026-07-10 14:00:00,26.4,26.5,26.6,26.4,33.1
2026-07-10 20:00:00,26.7,26.8,26.8,26.6,29.3
2026-07-11 02:00:00,26.2,26.2,26.4,26.3,24.1
2026-07-11 08:00:00,27.5,27.6,27.4,27.3,27.9
2026-07-11 14:00:00,26.5,26.6,26.8,26.5,32.8
2026-07-11 20:00:00,26.7,26.7,26.8,26.6,28.5
2026-07-12 02:00:00,25.8,25.8,26.1,26.0,23.5
2026-07-12 08:00:00,27.3,27.5,27.3,27.2,27.6
2026-07-12 14:00:00,26.4,26.5,26.6,26.4,33.0
2026-07-12 20:00:00,26.7,26.7,26.8,26.6,28.6
2026-07-13 02:00:00,25.9,25.9,26.2,26.1,23.7
2026-07-13 08:00:00,26.4,26.5,26.6,26.4,28.0
2026-07-13 14:00:00,26,26,26.1,26,33.3
2026-07-13 20:00:00,26.6,26.7,26.7,26.6,28.7
2026-07-14 02:00:00,25.5,25.6,25.9,25.8,23.1
2026-07-14 08:00:00,26.1,26.1,26.3,26.1,26.5
2026-07-14 14:00:00,26,26,26,26,31.0
2026-07-14 20:00:00,26.3,26.3,26.3,26.3,26.8
2026-07-15 02:00:00,24.8,24.9,25.4,25.2,21.9
2026-07-15 08:00:00,26.5,26.7,26.6,26.5,25.7
2026-07-15 14:00:00,26.3,26.3,26.3,26.2,30.7
2026-07-15 20:00:00,26.3,26.3,26.4,26.3,26.6
2026-07-16 02:00:00,25.0,25.0,25.5,25.3,22.4
2026-07-16 08:00:00,26.7,26.8,26.7,26.6,26.4
2026-07-16 14:00:00,26.3,26.3,26.3,26.2,31.6
2026-07-16 20:00:00,26.5,26.5,26.5,26.4,27.7
2026-07-17 02:00:00,25.7,25.7,25.9,25.8,23.6
2026-07-17 08:00:00,27.1,27.3,27.1,27.0,27.5
2026-07-17 14:00:00,26.3,26.4,26.4,26.3,32.2
2026-07-17 20:00:00,26.6,26.6,26.6,26.5,28.4
2026-07-18 02:00:00,26.3,26.4,26.4,26.4,24.4
2026-07-18 08:00:00,27.5,27.7,27.4,27.3,28.7
2026-07-18 14:00:00,26.4,26.5,26.5,26.3,33.8
2026-07-18 20:00:00,26.7,26.8,26.7,26.6,29.7
2026-07-19 02:00:00,26.9,27.0,26.9,26.9,25.2
2026-07-19 08:00:00,27.7,27.9,27.6,27.6,28.9
2026-07-19 14:00:00,26.5,26.6,26.8,26.5,33.8
2026-07-19 20:00:00,26.7,26.8,26.9,26.7,29.6
2026-07-20 02:00:00,26.1,26.2,26.4,26.3,24.0
2026-07-20 08:00:00,26.3,26.3,26.4,26.3,27.2
2026-07-20 14:00:00,26,26,26.1,26,31.6
2026-07-20 20:00:00,26.7,26.7,26.7,26.6,28.4
2026-07-21 02:00:00,27.5,27.7,27.4,27.4,26.6
2026-07-21 08:00:00,27.1,27.5,27.5,27.2,32.0
2026-07-21 14:00:00,26,26.3,26.6,26.2,37.8
2026-07-21 20:00:00,26.9,26.9,27.2,26.9,33.1
2026-07-22 02:00:00,27.8,28.0,27.7,27.7,27.0
2026-07-22 08:00:00,28.0,28.2,28.0,28.0,31.0
2026-07-22 14:00:00,26.5,26.8,27.1,26.9,36.4
2026-07-22 20:00:00,26.9,27.1,27.3,27.1,31.6
2026-07-23 02:00:00,27.4,27.4,27.4,27.3,25.6
2026-07-23 08:00:00,28.0,28.1,28.0,28.0,29.7
2026-07-23 14:00:00,26.4,26.8,27.0,26.8,34.9
2026-07-23 20:00:00,26.9,27.1,27.2,27.1,30.4
2026-07-24 02:00:00,27.1,27.2,27.1,27.1,25.2
2026-07-24 08:00:00,27.9,28.0,28.0,27.9,29.0
2026-07-24 14:00:00,26.5,26.8,27.0,26.9,34.0
2026-07-24 20:00:00,26.9,27.1,27.2,27.1,29.7
2026-07-25 02:00:00,26.4,26.5,26.7,26.6,24.2
2026-07-25 08:00:00,27.7,27.7,27.7,27.7,28.2
2026-07-25 14:00:00,26.4,26.7,26.9,26.7,33.6
2026-07-25 20:00:00,26.8,26.9,27.2,26.9,29.0
2026-07-26 02:00:00,25.9,26.0,26.4,26.2,23.5
2026-07-26 08:00:00,27.3,27.4,27.4,27.3,26.7
2026-07-26 14:00:00,26.4,26.5,26.8,26.5,31.7
2026-07-26 20:00:00,26.7,26.8,27.0,26.7,28.0
2026-07-27 02:00:00,26.3,26.4,26.5,26.4,24.3
2026-07-27 08:00:00,26.5,26.6,26.8,26.6,28.2
2026-07-27 14:00:00,26,26.0,26.3,26.1,33.4
2026-07-27 20:00:00,26.8,26.8,26.9,26.7,29.7
2026-07-28 02:00:00,27.4,27.5,27.4,27.4,25.9
2026-07-28 08:00:00,26.7,26.8,27.0,26.7,28.3
2026-07-28 14:00:00,26,26.0,26.3,26.1,32.6
2026-07-28 20:00:00,26.8,26.8,26.9,26.7,30.1
2026-07-29 02:00:00,27.6,27.8,27.6,27.5,26.7
2026-07-29 08:00:00,27.9,28.0,27.9,27.8,29.9
2026-07-29 14:00:00,26.5,26.6,27.0,26.7,34.4
2026-07-29 20:00:00,26.9,26.9,27.2,26.9,30.7
2026-07-30 02:00:00,27.3,27.3,27.3,27.2,25.7
2026-07-30 08:00:00,27.9,28.0,27.9,27.8,28.4
2026-07-30 14:00:00,26.5,26.6,27.0,26.8,32.5
2026-07-30 20:00:00,26.8,26.9,27.2,26.9,29.0
2026-07-31 02:00:00,27.1,27.2,27.2,27.1,25.2
2026-07-31 08:00:00,27.9,28.0,27.9,27.9,29.2
2026-07-31 14:00:00,26.4,26.7,27.0,26.8,34.0
2026-07-31 20:00:00,26.8,27.0,27.2,27.0,29.8
2026-08-01 02:00:00,26.3,26.3,26.6,26.5,24.1
2026-08-01 08:00:00,27.6,27.7,27.6,27.6,28.0
2026-08-01 14:00:00,26.4,26.6,26.8,26.7,33.5
2026-08-01 20:00:00,26.8,26.8,27.1,26.8,28.8
2026-08-02 02:00:00,25.9,26.0,26.3,26.1,23.6
2026-08-02 08:00:00,27.4,27.5,27.4,27.3,27.5
2026-08-02 14:00:00,26.4,26.5,26.7,26.5,33.0
2026-08-02 20:00:00,26.7,26.7,26.9,26.7,28.4
2026-08-03 02:00:00,25.7,25.7,26.1,25.9,23.2
2026-08-03 08:00:00,26.1,26.2,26.3,26.2,27.0
2026-08-03 14:00:00,26,26,26.1,26,31.9
2026-08-03 20:00:00,26.4,26.4,26.5,26.4,27.2
2026-08-04 02:00:00,25.0,25.0,25.5,25.3,22.0
2026-08-04 08:00:00,25.8,25.8,25.9,25.9,26.0
2026-08-04 14:00:00,26,26,26,26,30.9
2026-08-04 20:00:00,26.3,26.2,26.3,26.2,26.2
2026-08-05 02:00:00,25.1,25.1,25.6,25.3,22.7
2026-08-05 08:00:00,26.9,27.1,26.9,26.8,27.6
2026-08-05 14:00:00,26.3,26.4,26.3,26.3,33.1
2026-08-05 20:00:00,26.6,26.6,26.6,26.5,28.3
2026-08-06 02:00:00,25.7,25.7,26.0,25.9,23.5
2026-08-06 08:00:00,27.1,27.2,27.0,26.9,27.5
2026-08-06 14:00:00,26.4,26.4,26.4,26.3,32.3
2026-08-06 20:00:00,26.5,26.5,26.6,26.5,27.6
2026-08-07 02:00:00,25.4,25.5,25.8,25.7,23.2
2026-08-07 08:00:00,26.8,26.9,26.9,26.7,26.3
2026-08-07 14:00:00,26.3,26.4,26.3,26.3,30.8
2026-08-07 20:00:00,26.4,26.5,26.5,26.4,26.8
2026-08-08 02:00:00,25.4,25.4,25.8,25.6,23.2
2026-08-08 08:00:00,27.0,27.1,27.0,26.8,27.6
2026-08-08 14:00:00,26.3,26.4,26.4,26.3,32.9
2026-08-08 20:00:00,26.6,26.6,26.6,26.5,28.4
2026-08-09 02:00:00,26.4,26.5,26.5,26.4,24.5
2026-08-09 08:00:00,27.4,27.6,27.3,27.2,28.3
2026-08-09 14:00:00,26.4,26.4,26.4,26.3,30.4
2026-08-09 20:00:00,26.6,26.6,26.6,26.5,26.6
2026-08-10 02:00:00,26.7,26.7,26.8,26.7,24.8
2026-08-10 08:00:00,26.7,26.9,27.0,26.7,29.5
2026-08-10 14:00:00,26,26,26.0,26,31.4
2026-08-10 20:00:00,26.6,26.7,26.6,26.5,27.7
2026-08-11 02:00:00,26.4,26.5,26.5,26.4,24.5
2026-08-11 08:00:00,26.4,26.5,26.5,26.4,28.4
2026-08-11 14:00:00,26,26,26,26,33.4
2026-08-11 20:00:00,26.7,26.7,26.6,26.6,29.1
2026-08-12 02:00:00,26.8,26.8,26.8,26.8,25.0
2026-08-12 08:00:00,27.6,27.7,27.5,27.4,29.0
2026-08-12 14:00:00,26.4,26.5,26.6,26.4,33.5
2026-08-12 20:00:00,26.7,26.7,26.8,26.6,29.1
2026-08-13 02:00:00,26.5,26.5,26.6,26.5,24.5
2026-08-13 08:00:00,27.5,27.6,27.4,27.3,28.2
2026-08-13 14:00:00,26.5,26.5,26.7,26.4,33.1
2026-08-13 20:00:00,26.7,26.7,26.8,26.6,28.8
2026-08-14 02:00:00,26.9,26.9,26.9,26.8,25.0
2026-08-14 08:00:00,27.7,27.8,27.6,27.6,29.2
2026-08-14 14:00:00,26.5,26.5,26.7,26.5,33.7
2026-08-14 20:00:00,26.8,26.8,26.9,26.7,29.4
2026-08-15 02:00:00,27.0,27.0,27.0,27.0,25.2
2026-08-15 08:00:00,27.7,27.8,27.7,27.6,28.2
2026-08-15 14:00:00,26.5,26.5,26.8,26.5,32.7
2026-08-15 20:00:00,26.8,26.8,27.0,26.7,28.8
2026-08-16 02:00:00,26.8,26.8,26.8,26.8,24.9
2026-08-16 08:00:00,27.7,27.8,27.7,27.6,28.7
2026-08-16 14:00:00,26.5,26.5,26.8,26.5,33.2
2026-08-16 20:00:00,26.8,26.8,27.0,26.7,29.0
2026-08-17 02:00:00,27.1,27.2,27.2,27.1,25.3
2026-08-17 08:00:00,26.7,27.0,27.3,26.9,29.4
2026-08-17 14:00:00,26,26.1,26.5,26.2,34.3
2026-08-17 20:00:00,26.8,26.8,27.0,26.7,30.1
2026-08-18 02:00:00,27.6,27.7,27.6,27.5,26.3
2026-08-18 08:00:00,26.9,27.2,27.4,27.1,30.8
2026-08-18 14:00:00,26,26.2,26.6,26.3,36.1
2026-08-18 20:00:00,26.9,26.9,27.3,26.9,31.5
2026-08-19 02:00:00,27.9,28.0,27.8,27.7,27.2
2026-08-19 08:00:00,28.1,28.2,28.0,28.0,31.4
2026-08-19 14:00:00,26.5,26.7,27.1,26.9,36.6
2026-08-19 20:00:00,26.9,27.1,27.3,27.1,31.7
2026-08-20 02:00:00,27.7,27.8,27.7,27.7,26.4
2026-08-20 08:00:00,28.0,28.1,28.0,28.0,30.1
2026-08-20 14:00:00,26.5,26.8,27.0,26.9,35.1
2026-08-20 20:00:00,26.9,27.1,27.3,27.1,30.3
2026-08-21 02:00:00,27.6,27.6,27.6,27.5,25.9
2026-08-21 08:00:00,28.0,28.0,28.0,28.0,28.9
2026-08-21 14:00:00,26.4,26.7,27.0,26.8,32.9
2026-08-21 20:00:00,26.9,27.0,27.3,27.1,29.3
2026-08-22 02:00:00,28.0,28.1,28.0,27.9,26.7
2026-08-22 08:00:00,28.0,28.1,28.1,28.0,28.3
2026-08-22 14:00:00,26.5,26.6,27.0,26.8,30.2
2026-08-22 20:00:00,26.8,26.9,27.3,27.0,27.7
2026-08-23 02:00:00,26.6,26.6,26.8,26.7,24.5
2026-08-23 08:00:00,27.7,27.7,27.7,27.6,27.7
2026-08-23 14:00:00,26.4,26.6,26.9,26.7,32.4
2026-08-23 20:00:00,26.8,26.8,27.2,26.8,28.5
2026-08-24 02:00:00,26.8,26.8,26.9,26.8,24.8
2026-08-24 08:00:00,26.5,26.7,26.8,26.7,28.6
2026-08-24 14:00:00,26,26.1,26.4,26.2,33.5
2026-08-24 20:00:00,26.8,26.8,27.0,26.7,29.3
2026-08-25 02:00:00,27.3,27.3,27.3,27.2,25.6
2026-08-25 08:00:00,26.8,27.0,27.3,27.0,29.5
2026-08-25 14:00:00,26,26.2,26.4,26.2,34.5
2026-08-25 20:00:00,26.8,26.9,27.1,26.8,30.0
2026-08-26 02:00:00,27.3,27.3,27.3,27.2,25.6
2026-08-26 08:00:00,27.9,27.9,27.9,27.9,29.0
2026-08-26 14:00:00,26.5,26.6,27.1,26.8,33.6
2026-08-26 20:00:00,26.9,26.9,27.2,26.9,29.5
2026-08-27 02:00:00,27.7,27.7,27.7,27.6,26.1
2026-08-27 08:00:00,28.0,28.0,28.0,28.0,29.6
2026-08-27 14:00:00,26.5,26.7,27.1,26.9,34.5
2026-08-27 20:00:00,26.9,27.0,27.3,27.1,30.4
2026-08-28 02:00:00,27.5,27.5,27.5,27.5,25.9
2026-08-28 08:00:00,28.0,28.0,27.9,28.0,29.4
2026-08-28 14:00:00,26.4,26.7,27.0,26.8,34.1
2026-08-28 20:00:00,26.9,27.0,27.2,27.0,29.6
2026-08-29 02:00:00,27.3,27.4,27.4,27.3,25.6
2026-08-29 08:00:00,27.9,28.0,27.9,27.9,29.1
2026-08-29 14:00:00,26.4,26.7,27.0,26.8,33.8
2026-08-29 20:00:00,26.9,27.0,27.2,27.0,29.6
2026-08-30 02:00:00,27.5,27.6,27.6,27.5,25.8
2026-08-30 08:00:00,28.0,28.0,28.0,28.0,29.2
2026-08-30 14:00:00,26.4,26.7,27.0,26.8,33.4
2026-08-30 20:00:00,26.9,27.0,27.4,27.1,29.9
2026-08-31 02:00:00,28.1,28.2,28.0,28.0,28.2
2026-08-31 08:00:00,27.4,27.8,27.9,27.6,31.8
2026-08-31 14:00:00,26.0,26.4,26.9,26.5,32.4
2026-08-31 20:00:00,26.9,27.0,27.3,27.1,29.9
2026-09-01 02:00:00,27.3,27.4,27.4,27.3,25.8
2026-09-01 08:00:00,26.6,26.9,27.0,26.9,28.4
2026-09-01 14:00:00,26.0,26.2,26.5,26.3,31.3
2026-09-01 20:00:00,26.5,26.6,26.8,26.6,27.1
2026-09-02 02:00:00,25.8,25.8,26.3,26.0,23.6
2026-09-02 08:00:00,27.5,27.6,27.5,27.4,28.6
2026-09-02 14:00:00,26.4,26.5,26.8,26.5,32.6
2026-09-02 20:00:00,26.7,26.8,27.0,26.7,28.0
2026-09-03 02:00:00,26.2,26.2,26.5,26.3,24.1
2026-09-03 08:00:00,27.4,27.5,27.4,27.3,28.0
2026-09-03 14:00:00,26.5,26.5,26.8,26.5,33.3
2026-09-03 20:00:00,26.7,26.8,27.0,26.7,28.6
2026-09-04 02:00:00,27.5,27.5,27.5,27.4,25.7
2026-09-04 08:00:00,27.9,28.0,27.9,27.8,28.9
2026-09-04 14:00:00,26.4,26.5,26.9,26.6,33.0
2026-09-04 20:00:00,26.8,26.9,27.1,26.8,29.3
2026-09-05 02:00:00,27.7,27.8,27.7,27.6,26.5
2026-09-05 08:00:00,27.9,27.9,27.9,27.7,27.8
2026-09-05 14:00:00,26.5,26.5,26.9,26.6,32.0
2026-09-05 20:00:00,26.8,26.8,27.1,26.8,29.4
2026-09-06 02:00:00,26.5,26.5,26.7,26.6,24.5
2026-09-06 08:00:00,27.5,27.6,27.5,27.4,27.7
2026-09-06 14:00:00,26.5,26.5,26.8,26.5,32.1
2026-09-06 20:00:00,26.6,26.6,26.8,26.5,27.2
2026-09-07 02:00:00,25.5,25.5,26.0,25.7,22.9
2026-09-07 08:00:00,26.0,26.0,26.1,26.1,26.9
2026-09-07 14:00:00,26,26,26.0,26,31.3
2026-09-07 20:00:00,26.4,26.4,26.4,26.3,26.7
2026-09-08 02:00:00,25.1,25.1,25.6,25.3,22.4
2026-09-08 08:00:00,25.9,25.9,26.0,26.0,26.8
2026-09-08 14:00:00,26,26,26,26,33.0
2026-09-08 20:00:00,26.4,26.4,26.4,26.4,27.4
2026-09-09 02:00:00,24.7,24.7,25.3,25.1,21.8
2026-09-09 08:00:00,26.2,26.3,26.3,26.2,25.7
2026-09-09 14:00:00,26.3,26.3,26.2,26.2,31.3
2026-09-09 20:00:00,25.9,25.9,26.1,26.0,25.7
2026-09-10 02:00:00,24.0,24.0,24.7,24.4,20.4
2026-09-10 08:00:00,25.7,25.8,25.9,25.8,24.5
2026-09-10 14:00:00,26.2,26.2,26.2,26.1,30.4
2026-09-10 20:00:00,25.9,25.9,26.0,25.9,25.3
2026-09-11 02:00:00,24.2,24.2,24.8,24.5,21.1
2026-09-11 08:00:00,25.9,26.0,26.0,25.9,25.6
2026-09-11 14:00:00,26.2,26.2,26.1,26.1,31.7
2026-09-11 20:00:00,26.2,26.2,26.3,26.2,26.5
2026-09-12 02:00:00,24.6,24.5,25.0,24.8,21.9
2026-09-12 08:00:00,26.1,26.1,26.1,26.0,26.0
2026-09-12 14:00:00,26.2,26.2,26.2,26.1,31.7
2026-09-12 20:00:00,26.2,26.2,26.2,26.1,26.5
2026-09-13 02:00:00,24.4,24.4,24.9,24.7,21.6
2026-09-13 08:00:00,26.0,26.1,26.1,26.0,25.9
2026-09-13 14:00:00,26.2,26.2,26.1,26.1,31.7
2026-09-13 20:00:00,26.2,26.2,26.2,26.1,26.3
2026-09-14 02:00:00,24.4,24.3,24.9,24.7,21.6
2026-09-14 08:00:00,25.6,25.6,25.7,25.7,25.9
2026-09-14 14:00:00,26,26,26,26,31.6
2026-09-14 20:00:00,26.3,26.3,26.3,26.3,26.8
2026-09-15 02:00:00,25.4,25.4,25.6,25.5,23.4
2026-09-15 08:00:00,25.9,25.9,26.0,26.0,25.7
2026-09-15 14:00:00,26,26,26,26,28.2
2026-09-15 20:00:00,25.8,25.8,25.9,25.8,24.7
2026-09-16 02:00:00,24.5,24.4,24.9,24.7,21.9
2026-09-16 08:00:00,25.3,25.3,25.6,25.3,23.5
2026-09-16 14:00:00,26.1,26.1,26.1,26.0,28.2
2026-09-16 20:00:00,25.9,25.9,25.9,25.9,25.1
2026-09-17 02:00:00,23.8,23.8,24.5,24.2,20.7
2026-09-17 08:00:00,25.4,25.4,25.5,25.4,24.7
2026-09-17 14:00:00,26.1,26.1,26.1,26.0,30.3
2026-09-17 20:00:00,26.0,26.0,26.0,26.0,25.5
2026-09-18 02:00:00,24.3,24.3,24.8,24.6,21.9
2026-09-18 08:00:00,25.8,25.8,25.9,25.7,25.5
2026-09-18 14:00:00,26.1,26.1,26.1,26.0,30.6
2026-09-18 20:00:00,26.1,26.1,26.2,26.1,26.2
2026-09-19 02:00:00,24.4,24.4,24.8,24.7,21.9
2026-09-19 08:00:00,25.8,25.8,25.9,25.7,25.5
2026-09-19 14:00:00,26.1,26.1,26.1,26.1,30.5
2026-09-19 20:00:00,25.9,25.9,26.0,25.9,25.5
2026-09-20 02:00:00,23.9,23.9,24.5,24.3,20.9
2026-09-20 08:00:00,25.6,25.5,25.6,25.5,24.8
2026-09-20 14:00:00,26.1,26.1,26.1,26.0,30.3
2026-09-20 20:00:00,26.0,26.0,26.1,26.0,25.6
2026-09-21 02:00:00,24.4,24.4,24.8,24.6,22.1
2026-09-21 08:00:00,25.5,25.5,25.7,25.6,25.1
2026-09-21 14:00:00,26,26,26,26,29.4
2026-09-21 20:00:00,26.0,26.0,26.1,26.0,25.5
2026-09-22 02:00:00,24.4,24.4,24.8,24.6,22.0
2026-09-22 08:00:00,25.5,25.5,25.6,25.6,25.0
2026-09-22 14:00:00,26,26,26,26,28.6
2026-09-22 20:00:00,26.0,25.9,26.0,25.9,24.9
2026-09-23 02:00:00,24.6,24.6,24.9,24.8,22.5
2026-09-23 08:00:00,26.1,26.0,26.0,25.9,26.0
2026-09-23 14:00:00,26.1,26.1,26.1,26.0,29.1
2026-09-23 20:00:00,25.8,25.8,25.9,25.8,24.9
2026-09-24 02:00:00,23.7,23.6,24.3,24.1,20.4
2026-09-24 08:00:00,25.1,25.1,25.2,25.2,23.7
2026-09-24 14:00:00,26.1,26.0,26.0,26.0,28.7
2026-09-24 20:00:00,25.6,25.6,25.7,25.7,24.3
2026-09-25 02:00:00,24.1,24.0,24.5,24.3,21.6
2026-09-25 08:00:00,25.8,25.7,25.7,25.6,25.9
2026-09-25 14:00:00,26.1,26.1,26.0,26.0,30.4
2026-09-25 20:00:00,26.0,26.0,26.0,26.0,25.8
2026-09-26 02:00:00,24.0,23.9,24.5,24.3,21.2
2026-09-26 08:00:00,25.4,25.3,25.4,25.3,24.5
2026-09-26 14:00:00,26.1,26.1,26.0,26.0,29.4
2026-09-26 20:00:00,25.6,25.6,25.7,25.6,24.5
2026-09-27 02:00:00,23.6,23.5,24.2,24.0,20.6
2026-09-27 08:00:00,25.1,25.1,25.2,25.1,24.1
2026-09-27 14:00:00,26.0,26.0,26.0,26.0,29.2
2026-09-27 20:00:00,25.6,25.6,25.7,25.6,24.5
2026-09-28 02:00:00,23.3,23.3,24.0,23.7,20.0
2026-09-28 08:00:00,24.8,24.7,24.9,24.8,23.0
2026-09-28 14:00:00,26,26.0,26.0,25.9,27.6
2026-09-28 20:00:00,25.2,25.2,25.4,25.2,23.4
2026-09-29 02:00:00,23.2,23.1,23.9,23.6,20.0
2026-09-29 08:00:00,25.0,24.9,25.0,25.0,23.9
2026-09-29 14:00:00,26,26.0,26.0,25.9,29.1
2026-09-29 20:00:00,25.5,25.5,25.6,25.5,24.3
2026-09-30 02:00:00,23.2,23.1,23.8,23.6,19.9
2026-09-30 08:00:00,24.8,24.7,24.8,24.8,23.6
2026-09-30 14:00:00,26.0,25.9,25.8,25.7,28.9
2026-09-30 20:00:00,25.2,25.1,25.4,25.2,23.4
2026-10-01 02:00:00,24.8,24.7,25.1,24.9,17.7
2026-10-01 08:00:00,25.8,25.6,25.7,25.6,20.6
2026-10-01 14:00:00,26.3,25.9,26.0,25.8,25.2
2026-10-01 20:00:00,25.7,25.4,26.0,25.6,20.5
2026-10-02 02:00:00,24.9,24.6,25.3,25.0,17.0
2026-10-02 08:00:00,25.6,25.3,25.8,25.4,19.8
2026-10-02 14:00:00,26.0,25.7,26.0,25.7,23.5
2026-10-02 20:00:00,25.5,25.3,25.9,25.4,19.8
2026-10-03 02:00:00,24.7,24.5,25.2,24.8,16.4
2026-10-03 08:00:00,25.9,25.5,25.8,25.7,20.8
2026-10-03 14:00:00,26.5,25.9,26.2,25.9,26.8
2026-10-03 20:00:00,25.9,25.5,26.1,25.7,21.4
2026-10-04 02:00:00,25.0,24.6,25.4,25.0,16.8
2026-10-04 08:00:00,26.3,25.8,25.9,26.0,21.6
2026-10-04 14:00:00,27.0,26.2,26.3,26.2,28.5
2026-10-04 20:00:00,26.3,25.8,26.3,26.0,22.7
2026-10-05 02:00:00,25.4,24.9,25.6,25.4,18.4
2026-10-05 08:00:00,26.6,26.0,26.2,26.2,22.7
2026-10-05 14:00:00,27.3,26.6,26.7,26.6,28.7
2026-10-05 20:00:00,26.6,26.0,26.6,26.3,23.1
2026-10-06 02:00:00,25.6,25.1,25.8,25.6,18.0
2026-10-06 08:00:00,27.0,26.3,26.4,26.6,22.6
2026-10-06 14:00:00,27.8,26.9,27.0,26.9,29.5
2026-10-06 20:00:00,27.0,26.4,26.9,26.6,24.0
2026-10-07 02:00:00,26.3,25.7,26.3,26.1,21.0
2026-10-07 08:00:00,27.3,26.6,26.8,26.9,25.0
2026-10-07 14:00:00,27.3,26.7,27.0,26.8,26.9
2026-10-07 20:00:00,26.9,26.4,27.0,26.6,22.8
2026-10-08 02:00:00,26.1,25.5,26.2,26.0,18.6
2026-10-08 08:00:00,27.4,26.6,26.8,26.9,22.7
2026-10-08 14:00:00,28.1,26.9,27.2,27.1,28.9
2026-10-08 20:00:00,27.3,26.5,27.1,26.9,23.3
2026-10-09 02:00:00,26.4,25.7,26.5,26.2,19.3
2026-10-09 08:00:00,27.6,26.8,27.0,27.1,23.6
2026-10-09 14:00:00,28.2,27.1,27.3,27.3,29.2
2026-10-09 20:00:00,27.7,26.9,27.4,27.2,24.9
2026-10-10 02:00:00,27.2,26.5,27.0,26.8,23.1
2026-10-10 08:00:00,27.9,27.1,27.3,27.3,26.5
2026-10-10 14:00:00,27.9,27.2,27.6,27.4,28.4
2026-10-10 20:00:00,27.8,27.1,27.6,27.3,25.5
2026-10-11 02:00:00,27.1,26.5,27.0,26.9,22.1
2026-10-11 08:00:00,28.3,27.4,27.5,27.6,25.8
2026-10-11 14:00:00,28.9,27.7,27.8,27.8,31.8
2026-10-11 20:00:00,28.3,27.4,27.9,27.7,26.2
2026-10-12 02:00:00,27.3,26.5,27.2,27.0,20.9
2026-10-12 08:00:00,28.6,27.6,27.7,27.9,24.9
2026-10-12 14:00:00,29.4,28.1,28.3,28.2,31.2
2026-10-12 20:00:00,28.5,27.6,28.2,27.9,25.5
2026-10-13 02:00:00,27.7,26.8,27.5,27.4,21.6
2026-10-13 08:00:00,28.9,27.9,28.0,28.2,25.7
2026-10-13 14:00:00,29.2,28.2,28.4,28.4,29.4
2026-10-13 20:00:00,28.5,27.6,28.3,28.0,24.4
2026-10-14 02:00:00,27.6,26.7,27.6,27.4,20.0
2026-10-14 08:00:00,29.0,27.9,28.1,28.3,24.3
2026-10-14 14:00:00,29.7,28.1,28.5,28.4,30.8
2026-10-14 20:00:00,28.8,27.8,28.5,28.2,24.8
2026-10-15 02:00:00,27.8,26.8,27.7,27.5,19.8
2026-10-15 08:00:00,29.2,27.9,28.3,28.4,23.9
2026-10-15 14:00:00,29.8,28.2,28.6,28.6,30.2
2026-10-15 20:00:00,29.0,27.8,28.6,28.3,24.6
2026-10-16 02:00:00,28.0,27.0,27.9,27.7,20.2
2026-10-16 08:00:00,28.5,27.4,28.3,27.9,21.0
2026-10-16 14:00:00,29.4,28.0,28.6,28.3,26.7
2026-10-16 20:00:00,28.7,27.7,28.5,28.1,24.1
2026-10-17 02:00:00,28.1,27.1,28.0,27.7,22.1
2026-10-17 08:00:00,28.3,27.3,28.4,27.8,22.6
2026-10-17 14:00:00,28.9,27.7,28.5,28.1,25.5
2026-10-17 20:00:00,28.5,27.6,28.5,28.0,24.4
2026-10-18 02:00:00,27.9,27.0,27.8,27.6,22.0
2026-10-18 08:00:00,28.3,27.4,28.3,27.8,23.3
2026-10-18 14:00:00,28.7,27.7,28.4,28.0,26.4
2026-10-18 20:00:00,28.2,27.3,28.3,27.8,23.0
2026-10-19 02:00:00,27.3,26.4,27.5,27.1,18.3
2026-10-19 08:00:00,28.6,27.5,28.0,28.0,21.9
2026-10-19 14:00:00,29.3,27.9,28.5,28.2,27.7
2026-10-19 20:00:00,28.3,27.3,28.3,27.9,22.8
2026-10-20 02:00:00,27.6,26.7,27.6,27.3,20.2
2026-10-20 08:00:00,28.3,27.4,28.1,27.8,23.3
2026-10-20 14:00:00,29.2,28.1,28.5,28.3,29.0
2026-10-20 20:00:00,28.6,27.7,28.4,28.1,25.0
2026-10-21 02:00:00,27.7,26.8,27.7,27.4,20.6
2026-10-21 08:00:00,28.8,27.6,28.2,28.1,23.4
2026-10-21 14:00:00,29.4,28.0,28.5,28.3,28.9
2026-10-21 20:00:00,28.6,27.6,28.4,28.0,23.8
2026-10-22 02:00:00,27.7,26.7,27.7,27.4,19.7
2026-10-22 08:00:00,28.4,27.4,28.2,27.9,22.4
2026-10-22 14:00:00,29.1,27.8,28.4,28.1,26.5
2026-10-22 20:00:00,28.3,27.3,28.3,27.9,22.7
2026-10-23 02:00:00,27.4,26.5,27.5,27.2,18.5
2026-10-23 08:00:00,28.4,27.3,28.0,27.8,21.3
2026-10-23 14:00:00,29.0,27.6,28.3,28.0,25.6
2026-10-23 20:00:00,28.1,27.1,28.2,27.7,21.7
2026-10-24 02:00:00,27.4,26.4,27.5,27.1,18.9
2026-10-24 08:00:00,28.6,27.5,28.0,28.0,23.0
2026-10-24 14:00:00,28.7,27.6,28.3,28.0,25.5
2026-10-24 20:00:00,28.0,27.0,28.1,27.6,21.3
2026-10-25 02:00:00,27.1,26.2,27.3,27.0,17.4
2026-10-25 07:00:00,28.2,27.1,27.8,27.6,20.3
2026-10-25 13:00:00,28.7,27.4,28.1,27.8,24.5
2026-10-25 19:00:00,27.7,26.7,27.9,27.4,19.9
2026-10-26 01:00:00,26.9,25.9,27.1,26.7,16.1
2026-10-26 07:00:00,27.5,26.4,27.4,27.0,18.2
2026-10-26 13:00:00,28.0,26.8,27.8,27.3,22.0
2026-10-26 19:00:00,27.2,26.2,27.6,26.9,18.6
2026-10-27 01:00:00,26.5,25.6,26.8,26.4,16.0
2026-10-27 07:00:00,27.3,26.2,27.2,26.8,19.0
2026-10-27 13:00:00,28.1,26.8,27.6,27.2,23.8
2026-10-27 19:00:00,27.1,26.2,27.4,26.8,19.6
2026-10-28 01:00:00,26.3,25.3,26.6,26.2,15.2
2026-10-28 07:00:00,27.4,26.1,27.0,26.7,17.4
2026-10-28 13:00:00,28.0,26.4,27.4,26.9,21.3
2026-10-28 19:00:00,26.9,25.8,27.2,26.5,17.7
2026-10-29 01:00:00,26.3,25.2,26.4,26.0,16.0
2026-10-29 07:00:00,27.6,26.1,26.9,26.8,20.7
2026-10-29 13:00:00,28.3,26.5,27.4,27.0,26.3
2026-10-29 19:00:00,27.6,26.3,27.4,26.9,22.7
2026-10-30 01:00:00,26.8,25.7,26.7,26.4,20.0
2026-10-30 07:00:00,27.4,26.2,27.0,26.7,21.8
2026-10-30 13:00:00,27.8,26.5,27.3,27.0,24.6
2026-10-30 19:00:00,27.3,26.2,27.3,26.8,21.5
2026-10-31 01:00:00,26.6,25.5,26.6,26.2,19.0
2026-10-31 07:00:00,27.1,26.0,26.9,26.6,21.1
2026-10-31 13:00:00,27.6,26.4,27.2,26.8,24.2
2026-10-31 19:00:00,26.9,25.9,27.1,26.5,20.2
2026-11-01 01:00:00,25.9,24.9,26.2,25.7,14.6
2026-11-01 07:00:00,26.2,25.2,26.5,25.9,15.2
2026-11-01 13:00:00,27.0,25.7,26.8,26.2,19.1
2026-11-01 19:00:00,26.0,24.9,26.5,25.7,15.1
2026-11-02 01:00:00,25.1,24.1,25.6,25.0,11.3
2026-11-02 07:00:00,26.0,24.8,25.9,25.5,15.7
2026-11-02 13:00:00,26.8,25.5,26.4,26.0,21.6
2026-11-02 19:00:00,25.8,24.8,26.2,25.5,16.9
2026-11-03 01:00:00,25.0,24.0,25.4,24.9,13.0
2026-11-03 07:00:00,25.7,24.5,25.7,25.2,16.0
2026-11-03 13:00:00,26.5,25.3,26.2,25.7,22.0
2026-11-03 19:00:00,25.6,24.6,26.0,25.3,17.3
2026-11-04 01:00:00,24.8,23.8,25.2,24.7,13.1
2026-11-04 07:00:00,25.5,24.4,25.5,25.1,16.1
2026-11-04 13:00:00,26.3,24.9,25.9,25.4,21.2
2026-11-04 19:00:00,25.4,24.4,25.8,25.1,17.1
2026-11-05 01:00:00,24.6,23.6,24.9,24.5,14.0
2026-11-05 07:00:00,25.5,24.3,25.3,24.9,17.4
2026-11-05 13:00:00,25.9,24.7,25.7,25.2,21.2
2026-11-05 19:00:00,25.3,24.3,25.6,24.9,18.0
2026-11-06 01:00:00,24.6,23.6,24.8,24.4,15.4
2026-11-06 07:00:00,24.7,23.8,25.1,24.5,16.1
2026-11-06 13:00:00,25.4,24.2,25.4,24.7,18.7
2026-11-06 19:00:00,24.8,23.9,25.2,24.5,17.0
2026-11-07 01:00:00,24.0,23.1,24.4,23.9,13.8
2026-11-07 07:00:00,25.2,24.0,24.8,24.6,17.9
2026-11-07 13:00:00,25.8,24.4,25.3,24.9,23.3
2026-11-07 19:00:00,25.1,24.1,25.2,24.7,18.9
2026-11-08 01:00:00,24.3,23.3,24.5,24.1,15.6
2026-11-08 07:00:00,25.3,24.1,24.9,24.7,19.4
2026-11-08 13:00:00,26.1,24.6,25.3,25.0,25.5
2026-11-08 19:00:00,25.5,24.3,25.3,24.9,21.1
2026-11-09 01:00:00,24.6,23.6,24.6,24.3,17.4
2026-11-09 07:00:00,25.8,24.5,25.0,25.0,21.1
2026-11-09 13:00:00,26.1,24.9,25.5,25.3,24.8
2026-11-09 19:00:00,25.5,24.5,25.4,25.0,20.5
2026-11-10 01:00:00,24.7,23.7,24.7,24.4,17.2
2026-11-10 07:00:00,25.8,24.5,25.1,25.1,20.9
2026-11-10 13:00:00,26.6,25.1,25.6,25.5,26.4
2026-11-10 19:00:00,25.9,24.8,25.6,25.3,22.1
2026-11-11 01:00:00,25.1,24.1,25.0,24.7,18.6
2026-11-11 07:00:00,26.2,24.8,25.3,25.3,22.1
2026-11-11 13:00:00,26.6,25.1,25.7,25.5,26.7
2026-11-11 19:00:00,26.0,24.9,25.7,25.4,22.0
2026-11-12 01:00:00,25.1,24.0,25.0,24.7,17.3
2026-11-12 07:00:00,26.0,24.6,25.3,25.2,19.8
2026-11-12 13:00:00,26.5,25.0,25.7,25.4,24.4
2026-11-12 19:00:00,25.7,24.6,25.6,25.2,19.5
2026-11-13 01:00:00,24.8,23.7,24.8,24.5,15.5
2026-11-13 07:00:00,25.8,24.5,25.2,25.1,18.8
2026-11-13 13:00:00,26.4,24.9,25.6,25.4,23.9
2026-11-13 19:00:00,25.6,24.5,25.6,25.1,19.2
2026-11-14 01:00:00,24.7,23.6,24.8,24.4,14.7
2026-11-14 07:00:00,25.9,24.4,25.1,25.1,18.2
2026-11-14 13:00:00,26.5,24.8,25.6,25.3,23.8
2026-11-14 19:00:00,25.7,24.4,25.5,25.1,19.0
2026-11-15 01:00:00,24.8,23.6,24.8,24.4,15.4
2026-11-15 07:00:00,25.9,24.5,25.2,25.2,18.6
2026-11-15 13:00:00,25.7,24.5,25.5,25.1,19.9
2026-11-15 19:00:00,25.1,23.9,25.3,24.7,16.3
2026-11-16 01:00:00,24.4,23.3,24.5,24.2,13.6
2026-11-16 07:00:00,25.2,23.9,24.9,24.6,16.9
2026-11-16 13:00:00,25.8,24.5,25.3,25.0,21.5
2026-11-16 19:00:00,25.0,23.9,25.2,24.6,17.1
2026-11-17 01:00:00,24.2,23.1,24.4,24.0,13.4
2026-11-17 07:00:00,25.4,23.9,24.7,24.6,17.1
2026-11-17 13:00:00,26.4,24.6,25.3,25.0,23.6
2026-11-17 19:00:00,25.3,24.0,25.2,24.7,18.3
2026-11-18 01:00:00,24.3,23.1,24.4,24.0,13.7
2026-11-18 07:00:00,25.4,23.8,24.7,24.6,16.6
2026-11-18 13:00:00,26.2,24.2,25.2,24.8,22.3
2026-11-18 19:00:00,25.3,23.9,25.1,24.6,18.3
2026-11-19 01:00:00,24.6,23.2,24.4,24.1,15.9
2026-11-19 07:00:00,25.4,23.9,24.8,24.6,19.4
2026-11-19 13:00:00,26.3,24.4,25.2,25.0,25.8
2026-11-19 19:00:00,25.7,24.3,25.3,24.9,21.3
2026-11-20 01:00:00,24.7,23.5,24.6,24.3,16.8
2026-11-20 07:00:00,25.7,24.0,24.9,24.7,19.1
2026-11-20 13:00:00,26.3,24.4,25.3,25.0,24.2
2026-11-20 19:00:00,25.5,24.1,25.2,24.8,19.2
2026-11-21 01:00:00,24.5,23.2,24.4,24.1,14.7
2026-11-21 07:00:00,25.3,23.7,24.8,24.5,16.9
2026-11-21 13:00:00,26.1,24.2,25.1,24.8,21.8
2026-11-21 19:00:00,25.3,23.9,25.1,24.6,18.4
2026-11-22 01:00:00,24.6,23.3,24.5,24.1,16.5
2026-11-22 07:00:00,24.8,23.5,24.7,24.3,17.4
2026-11-22 13:00:00,25.3,23.9,25.0,24.5,20.4
2026-11-22 19:00:00,25.0,23.8,24.9,24.4,18.8
2026-11-23 01:00:00,24.3,23.2,24.3,24.0,16.6
2026-11-23 07:00:00,24.5,23.5,24.6,24.1,17.8
2026-11-23 13:00:00,25.0,23.9,24.8,24.4,20.8
2026-11-23 19:00:00,24.5,23.5,24.7,24.1,17.5
2026-11-24 01:00:00,23.6,22.5,23.9,23.4,12.3
2026-11-24 07:00:00,24.6,23.1,24.1,23.9,14.3
2026-11-24 13:00:00,25.4,23.6,24.6,24.2,19.9
2026-11-24 19:00:00,24.4,23.0,24.5,23.9,15.8
2026-11-25 01:00:00,23.7,22.5,23.8,23.4,14.0
2026-11-25 07:00:00,24.3,23.1,24.2,23.8,16.9
2026-11-25 13:00:00,24.8,23.5,24.5,24.0,20.5
2026-11-25 19:00:00,24.3,23.2,24.4,23.8,17.5
2026-11-26 01:00:00,23.5,22.5,23.7,23.3,14.4
2026-11-26 07:00:00,24.1,23.0,24.0,23.6,16.1
2026-11-26 13:00:00,24.8,23.3,24.3,23.8,19.6
2026-11-26 19:00:00,24.0,22.9,24.2,23.6,16.7
2026-11-27 01:00:00,23.3,22.2,23.5,23.0,13.7
2026-11-27 07:00:00,23.8,22.6,23.8,23.3,15.7
2026-11-27 13:00:00,24.3,23.1,24.1,23.6,19.4
2026-11-27 19:00:00,23.7,22.7,24.0,23.3,16.2
2026-11-28 01:00:00,23.0,22.0,23.2,22.8,13.5
2026-11-28 07:00:00,23.4,22.3,23.6,23.0,14.8
2026-11-28 13:00:00,23.8,22.7,23.8,23.3,17.9
2026-11-28 19:00:00,23.2,22.3,23.6,22.9,14.5
2026-11-29 01:00:00,22.4,21.5,22.8,22.4,11.0
2026-11-29 07:00:00,22.9,21.9,23.1,22.6,12.3
2026-11-29 13:00:00,23.4,22.3,23.5,22.9,15.9
2026-11-29 19:00:00,22.7,21.7,23.2,22.5,12.9
2026-11-30 01:00:00,22.0,21.1,22.5,22.0,10.7
2026-11-30 07:00:00,22.5,21.6,22.7,22.2,13.1
2026-11-30 13:00:00,23.2,22.1,23.1,22.6,17.5
2026-11-30 19:00:00,22.6,21.7,23.1,22.4,14.8
2026-12-01 01:00:00,22.1,21.2,22.4,22.0,12.9
2026-12-01 07:00:00,22.2,21.4,22.6,22.0,14.1
2026-12-01 13:00:00,22.6,21.8,22.9,22.3,16.7
2026-12-01 19:00:00,22.2,21.4,22.8,22.0,13.9
2026-12-02 01:00:00,21.5,20.7,22.0,21.5,10.3
2026-12-02 07:00:00,21.8,21.0,22.3,21.6,11.3
2026-12-02 13:00:00,22.6,21.5,22.6,22.0,15.5
2026-12-02 19:00:00,21.9,21.1,22.5,21.7,13.4
2026-12-03 01:00:00,21.4,20.6,21.8,21.3,12.3
2026-12-03 07:00:00,22.0,21.2,22.2,21.7,15.3
2026-12-03 13:00:00,22.5,21.6,22.5,22.0,19.5
2026-12-03 19:00:00,22.2,21.4,22.5,21.9,16.7
2026-12-04 01:00:00,21.5,20.8,21.8,21.4,13.9
2026-12-04 07:00:00,21.9,21.2,22.1,21.7,15.5
2026-12-04 13:00:00,22.4,21.6,22.4,21.9,19.1
2026-12-04 19:00:00,21.9,21.2,22.3,21.7,15.2
2026-12-05 01:00:00,21.1,20.4,21.5,21.1,11.0
2026-12-05 07:00:00,21.8,21.0,21.9,21.5,13.3
2026-12-05 13:00:00,22.6,21.4,22.2,21.8,18.2
2026-12-05 19:00:00,21.8,20.9,22.1,21.5,13.8
2026-12-06 01:00:00,20.8,20.0,21.3,20.8,9.16
2026-12-06 07:00:00,21.9,20.8,21.6,21.4,11.9
2026-12-06 13:00:00,22.8,21.2,22.1,21.7,18.4
2026-12-06 19:00:00,21.8,20.7,22.0,21.4,13.4
2026-12-07 01:00:00,20.8,19.8,21.1,20.7,8.94
2026-12-07 07:00:00,22.0,20.6,21.5,21.3,12.3
2026-12-07 13:00:00,23.0,21.2,22.1,21.7,19.1
2026-12-07 19:00:00,21.9,20.6,21.9,21.4,14.1
2026-12-08 01:00:00,21.0,19.8,21.1,20.7,9.93
2026-12-08 07:00:00,22.2,20.6,21.5,21.4,13.5
2026-12-08 13:00:00,23.3,21.3,22.1,21.8,20.6
2026-12-08 19:00:00,22.2,20.8,22.0,21.5,15.0
2026-12-09 01:00:00,21.2,19.8,21.1,20.8,9.59
2026-12-09 07:00:00,22.2,20.5,21.5,21.3,11.7
2026-12-09 13:00:00,23.1,20.8,21.9,21.5,17.8
2026-12-09 19:00:00,21.9,20.4,21.8,21.2,13.1
2026-12-10 01:00:00,21.1,19.6,21.0,20.6,9.26
2026-12-10 07:00:00,22.3,20.5,21.4,21.2,12.6
2026-12-10 13:00:00,23.2,20.8,21.9,21.6,19.5
2026-12-10 19:00:00,22.3,20.6,21.9,21.4,15.2
2026-12-11 01:00:00,21.4,19.9,21.2,20.9,11.5
2026-12-11 07:00:00,21.6,20.2,21.4,20.9,11.8
2026-12-11 13:00:00,21.9,20.4,21.7,21.1,14.0
2026-12-11 19:00:00,21.5,20.1,21.6,20.9,12.4
2026-12-12 01:00:00,21.0,19.7,21.0,20.6,12.0
2026-12-12 07:00:00,21.3,20.1,21.3,20.8,13.7
2026-12-12 13:00:00,22.0,20.4,21.5,21.1,17.1
2026-12-12 19:00:00,21.8,20.5,21.6,21.1,16.3
2026-12-13 01:00:00,21.1,19.9,21.0,20.7,13.7
2026-12-13 07:00:00,21.1,20.1,21.2,20.7,12.9
2026-12-13 13:00:00,21.3,20.1,21.4,20.8,14.5
2026-12-13 19:00:00,20.8,19.9,21.2,20.5,12.1
2026-12-14 01:00:00,20.3,19.2,20.5,20.1,10.2
2026-12-14 07:00:00,21.5,20.2,20.9,20.7,13.9
2026-12-14 13:00:00,22.5,20.8,21.5,21.2,20.8
2026-12-14 19:00:00,21.8,20.5,21.5,21.1,17.3
2026-12-15 01:00:00,21.3,20.2,21.1,20.8,15.3
2026-12-15 07:00:00,21.2,20.2,21.2,20.8,15.3
2026-12-15 13:00:00,21.8,20.5,21.4,21.0,17.9
2026-12-15 19:00:00,21.6,20.5,21.5,21.0,16.6
2026-12-16 01:00:00,20.9,19.9,20.9,20.6,14.2
2026-12-16 07:00:00,21.6,20.4,21.2,20.9,16.4
2026-12-16 13:00:00,22.4,20.8,21.5,21.2,22.3
2026-12-16 19:00:00,22.0,20.8,21.6,21.3,18.5
2026-12-17 01:00:00,21.2,20.1,21.0,20.8,14.1
2026-12-17 07:00:00,21.5,20.4,21.2,20.9,14.7
2026-12-17 13:00:00,22.0,20.7,21.5,21.2,18.3
2026-12-17 19:00:00,21.5,20.5,21.5,21.0,15.3
2026-12-18 01:00:00,20.9,19.9,20.9,20.6,13.4
2026-12-18 07:00:00,21.5,20.5,21.3,21.0,16.0
2026-12-18 13:00:00,22.3,20.9,21.6,21.3,21.4
2026-12-18 19:00:00,22.0,20.9,21.7,21.3,18.5
2026-12-19 01:00:00,21.4,20.4,21.2,21.0,15.7
2026-12-19 07:00:00,21.5,20.5,21.4,21.1,16.4
2026-12-19 13:00:00,21.9,20.8,21.6,21.3,19.3
2026-12-19 19:00:00,21.7,20.7,21.6,21.2,16.5
2026-12-20 01:00:00,21.0,20.1,21.0,20.8,13.8
2026-12-20 07:00:00,21.4,20.4,21.3,20.9,15.1
2026-12-20 13:00:00,22.3,20.9,21.6,21.3,20.7
2026-12-20 19:00:00,21.8,20.8,21.7,21.2,17.1
2026-12-21 01:00:00,20.9,19.9,21.0,20.6,12.1
2026-12-21 07:00:00,20.9,20.1,21.1,20.6,11.7
2026-12-21 13:00:00,21.2,20.3,21.3,20.8,14.0
2026-12-21 19:00:00,20.7,20.0,21.2,20.5,11.5
2026-12-22 01:00:00,20.3,19.4,20.6,20.2,10.3
2026-12-22 07:00:00,21.1,20.2,21.0,20.6,13.9
2026-12-22 13:00:00,22.1,20.9,21.5,21.2,19.9
2026-12-22 19:00:00,21.4,20.5,21.4,21.0,16.0
2026-12-23 01:00:00,20.5,19.6,20.7,20.3,11.1
2026-12-23 07:00:00,21.1,20.2,20.9,20.6,12.1
2026-12-23 13:00:00,21.7,20.4,21.3,20.9,16.6
2026-12-23 19:00:00,20.8,19.9,21.2,20.5,11.9
2026-12-24 01:00:00,19.9,19.0,20.3,19.8,7.18
2026-12-24 07:00:00,21.1,20.0,20.6,20.5,8.99
2026-12-24 13:00:00,21.8,20.1,21.1,20.6,14.6
2026-12-24 19:00:00,20.6,19.8,20.9,20.2,9.87
2026-12-25 01:00:00,19.8,18.6,20.1,19.6,6.15
2026-12-25 07:00:00,20.6,19.8,20.5,20.1,7.95
2026-12-25 13:00:00,21.5,19.8,20.8,20.3,13.5
2026-12-25 19:00:00,20.4,19.7,20.6,20.0,9.71
2026-12-26 01:00:00,19.6,18.4,19.9,19.4,6.62
2026-12-26 07:00:00,20.6,19.8,20.3,20.1,9.22
2026-12-26 13:00:00,21.3,19.8,20.7,20.2,15.4
2026-12-26 19:00:00,20.5,19.8,20.6,20.0,11.8
2026-12-27 01:00:00,20.1,18.9,20.4,19.7,10.4
2026-12-27 07:00:00,,,,,
2026-12-27 13:00:00,,,,,
2026-12-27 19:00:00,,,,,
2026-12-28 01:00:00,,,,,
2026-12-28 07:00:00,,,,,
2026-12-28 13:00:00,,,,,
2026-12-28 19:00:00,,,,,
2026-12-29 01:00:00,,,,,
2026-12-29 07:00:00,,,,,
2026-12-29 13:00:00,,,,,
2026-12-29 19:00:00,,,,,
2026-12-30 01:00:00,,,,,
2026-12-30 07:00:00,,,,,
2026-12-30 13:00:00,,,,,
2026-12-30 19:00:00,,,,,