"Time","simulation_observations.mean { name: DistrictCooling }","simulation_observations.mean { name: DistrictHeating }","simulation_observations.mean { name: Electricity }"
2025-12-31 19:00:00,,,
2026-01-01 01:00:00,,,
2026-01-01 07:00:00,,,
2026-01-01 13:00:00,,,
2026-01-01 19:00:00,,,
2026-01-02 01:00:00,,,
2026-01-02 07:00:00,,,
2026-01-02 13:00:00,,,
2026-01-02 19:00:00,,,
2026-01-03 01:00:00,,,
2026-01-03 07:00:00,,,
2026-01-03 13:00:00,,,
2026-01-03 19:00:00,,,
2026-01-04 01:00:00,0,86876,61194
2026-01-04 07:00:00,0,43438,77302
2026-01-04 13:00:00,0,16892,82311
2026-01-04 19:00:00,0,61296,119319
2026-01-05 01:00:00,0,86876,61194
2026-01-05 07:00:00,0,73362,77302
2026-01-05 13:00:00,0,69501,82854
2026-01-05 19:00:00,0,71431,119319
2026-01-06 01:00:00,0,86876,61194
2026-01-06 07:00:00,0,73362,77302
2026-01-06 13:00:00,0,69501,82292
2026-01-06 19:00:00,0,71431,119319
2026-01-07 01:00:00,0,86876,61194
2026-01-07 07:00:00,0,47317,78940
2026-01-07 13:00:00,0,16892,82291
2026-01-07 19:00:00,0,61296,119319
2026-01-08 01:00:00,0,86876,61194
2026-01-08 07:00:00,0,47629,78949
2026-01-08 13:00:00,0,16892,82351
2026-01-08 19:00:00,0,61296,119319
2026-01-09 01:00:00,0,86876,61194
2026-01-09 07:00:00,0,53733,80581
2026-01-09 13:00:00,0,16892,82256
2026-01-09 19:00:00,0,61296,119319
2026-01-10 01:00:00,0,86876,61194
2026-01-10 07:00:00,0,60139,82215
2026-01-10 13:00:00,0,16893,82305
2026-01-10 19:00:00,0,61296,119319
2026-01-11 01:00:00,0,86876,61194
2026-01-11 07:00:00,0,66899,83852
2026-01-11 13:00:00,0,17060,82276
2026-01-11 19:00:00,0,61458,119319
2026-01-12 01:00:00,0,86876,61194
2026-01-12 07:00:00,0,105767,85490
2026-01-12 13:00:00,0,89481,82282
2026-01-12 19:00:00,0,106127,130023
2026-01-13 01:00:00,0,86876,61194
2026-01-13 07:00:00,0,129150,87127
2026-01-13 13:00:00,0,89354,82287
2026-01-13 19:00:00,0,98634,126455
2026-01-14 01:00:00,0,86876,61194
2026-01-14 07:00:00,0,109121,87127
2026-01-14 13:00:00,0,36056,86936
2026-01-14 19:00:00,0,107831,130023
2026-01-15 01:00:00,0,86876,61194
2026-01-15 07:00:00,0,160920,94108
2026-01-15 13:00:00,0,48138,91128
2026-01-15 19:00:00,0,128744,130023
2026-01-16 01:00:00,0,86876,61194
2026-01-16 07:00:00,0,160928,97461
2026-01-16 13:00:00,0,49999,89216
2026-01-16 19:00:00,0,130712,126455
2026-01-17 01:00:00,0,86876,61194
2026-01-17 07:00:00,0,144251,88765
2026-01-17 13:00:00,0,39291,86870
2026-01-17 19:00:00,0,113927,126455
2026-01-18 01:00:00,0,86876,61194
2026-01-18 07:00:00,0,124450,87127
2026-01-18 13:00:00,0,34045,86864
2026-01-18 19:00:00,0,99212,126455
2026-01-19 01:00:00,0,86876,61194
2026-01-19 07:00:00,0,127433,85490
2026-01-19 13:00:00,0,85370,82209
2026-01-19 19:00:00,0,87528,119319
2026-01-20 01:00:00,0,86876,61194
2026-01-20 07:00:00,0,115379,84807
2026-01-20 13:00:00,0,96623,82449
2026-01-20 19:00:00,0,95299,119319
2026-01-21 01:00:00,0,86876,61194
2026-01-21 07:00:00,0,94183,83865
2026-01-21 13:00:00,0,26991,84227
2026-01-21 19:00:00,0,76228,119319
2026-01-22 01:00:00,0,86876,61194
2026-01-22 07:00:00,0,80973,84390
2026-01-22 13:00:00,0,28853,84667
2026-01-22 19:00:00,0,79405,119319
2026-01-23 01:00:00,0,86876,61194
2026-01-23 07:00:00,0,98748,83856
2026-01-23 13:00:00,0,26616,84216
2026-01-23 19:00:00,0,88051,126455
2026-01-24 01:00:00,0,86876,61194
2026-01-24 07:00:00,0,150674,88765
2026-01-24 13:00:00,0,30996,84081
2026-01-24 19:00:00,0,98193,126455
2026-01-25 01:00:00,0,86876,61194
2026-01-25 07:00:00,0,145432,88765
2026-01-25 13:00:00,0,30753,84074
2026-01-25 19:00:00,0,95546,126455
2026-01-26 01:00:00,0,86876,61194
2026-01-26 07:00:00,0,133905,87506
2026-01-26 13:00:00,0,74232,81760
2026-01-26 19:00:00,0,82480,119319
2026-01-27 01:00:00,0,86876,61194
2026-01-27 07:00:00,0,109780,85869
2026-01-27 13:00:00,0,76561,82378
2026-01-27 19:00:00,0,85312,119319
2026-01-28 01:00:00,0,86876,61194
2026-01-28 07:00:00,0,121242,87127
2026-01-28 13:00:00,0,24077,81759
2026-01-28 19:00:00,0,77348,119319
2026-01-29 01:00:00,0,86876,61194
2026-01-29 07:00:00,0,90580,83852
2026-01-29 13:00:00,0,24687,81757
2026-01-29 19:00:00,0,76059,119319
2026-01-30 01:00:00,0,86876,61194
2026-01-30 07:00:00,0,93725,84425
2026-01-30 13:00:00,0,26155,84069
2026-01-30 19:00:00,0,77211,119319
2026-01-31 01:00:00,0,86876,61194
2026-01-31 07:00:00,0,78425,83852
2026-01-31 13:00:00,0,20615,81755
2026-01-31 19:00:00,0,65417,119319
2026-02-01 01:00:00,0,86876,61194
2026-02-01 07:00:00,0,65062,83852
2026-02-01 13:00:00,0,24174,84481
2026-02-01 19:00:00,0,69593,119319
2026-02-02 01:00:00,0,86876,61194
2026-02-02 07:00:00,0,93544,84231
2026-02-02 13:00:00,0,70080,81753
2026-02-02 19:00:00,0,75447,119319
2026-02-03 01:00:00,0,86876,61194
2026-02-03 07:00:00,0,102386,84231
2026-02-03 13:00:00,0,70859,81305
2026-02-03 19:00:00,0,79245,119319
2026-02-04 01:00:00,0,86876,61194
2026-02-04 07:00:00,0,131243,87127
2026-02-04 13:00:00,0,29104,83671
2026-02-04 19:00:00,0,92565,126455
2026-02-05 01:00:00,0,86876,61194
2026-02-05 07:00:00,0,127799,87127
2026-02-05 13:00:00,0,26129,83668
2026-02-05 19:00:00,0,80540,119319
2026-02-06 01:00:00,0,86876,61194
2026-02-06 07:00:00,0,133456,87127
2026-02-06 13:00:00,0,28370,83603
2026-02-06 19:00:00,0,91037,126455
2026-02-07 01:00:00,0,86876,61194
2026-02-07 07:00:00,0,123131,87127
2026-02-07 13:00:00,0,25596,83667
2026-02-07 19:00:00,0,80451,119319
2026-02-08 01:00:00,0,86876,61194
2026-02-08 07:00:00,0,135196,87127
2026-02-08 13:00:00,0,29531,83566
2026-02-08 19:00:00,0,94430,126455
2026-02-09 01:00:00,0,86876,61194
2026-02-09 07:00:00,0,128332,87127
2026-02-09 13:00:00,0,89071,81260
2026-02-09 19:00:00,0,103610,126455
2026-02-10 01:00:00,0,86876,61194
2026-02-10 07:00:00,0,128493,87506
2026-02-10 13:00:00,0,86229,81312
2026-02-10 19:00:00,0,100067,126455
2026-02-11 01:00:00,0,86876,61194
2026-02-11 07:00:00,0,134988,87127
2026-02-11 13:00:00,0,28535,83626
2026-02-11 19:00:00,0,92150,126455
2026-02-12 01:00:00,0,86876,61194
2026-02-12 07:00:00,0,141906,88765
2026-02-12 13:00:00,0,28784,83576
2026-02-12 19:00:00,0,92491,126455
2026-02-13 01:00:00,0,86876,61194
2026-02-13 07:00:00,0,101001,85490
2026-02-13 13:00:00,0,24170,81038
2026-02-13 19:00:00,0,78976,119319
2026-02-14 01:00:00,0,86876,61194
2026-02-14 07:00:00,0,164513,94108
2026-02-14 13:00:00,0,40659,89955
2026-02-14 19:00:00,0,128512,133591
2026-02-15 01:00:00,0,86876,61194
2026-02-15 07:00:00,0,194696,95745
2026-02-15 13:00:00,0,39769,85660
2026-02-15 19:00:00,0,120714,130023
2026-02-16 01:00:00,0,86876,61194
2026-02-16 07:00:00,0,141829,85490
2026-02-16 13:00:00,0,89908,81132
2026-02-16 19:00:00,0,95711,119319
2026-02-17 01:00:00,0,86876,61194
2026-02-17 07:00:00,0,125098,85869
2026-02-17 13:00:00,0,79410,81230
2026-02-17 19:00:00,0,88030,119319
2026-02-18 01:00:00,0,86876,61194
2026-02-18 07:00:00,0,109808,85490
2026-02-18 13:00:00,0,26981,83337
2026-02-18 19:00:00,0,85803,122887
2026-02-19 01:00:00,0,86876,61194
2026-02-19 07:00:00,0,124262,87127
2026-02-19 13:00:00,0,22209,80980
2026-02-19 19:00:00,0,72605,119319
2026-02-20 01:00:00,0,86876,61194
2026-02-20 07:00:00,0,79814,83852
2026-02-20 13:00:00,0,18815,80865
2026-02-20 19:00:00,0,64631,119319
2026-02-21 01:00:00,0,86876,61194
2026-02-21 07:00:00,0,72649,83852
2026-02-21 13:00:00,0,16892,80990
2026-02-21 19:00:00,0,61296,119319
2026-02-22 01:00:00,0,86876,61194
2026-02-22 07:00:00,0,55476,80577
2026-02-22 13:00:00,0,16892,80904
2026-02-22 19:00:00,0,61296,119319
2026-02-23 01:00:00,0,86876,61194
2026-02-23 07:00:00,0,82708,80577
2026-02-23 13:00:00,0,69501,80815
2026-02-23 19:00:00,0,71431,119319
2026-02-24 01:00:00,0,86876,61194
2026-02-24 07:00:00,0,77509,78959
2026-02-24 13:00:00,0,69501,81602
2026-02-24 19:00:00,0,71431,119319
2026-02-25 01:00:00,0,86876,61194
2026-02-25 07:00:00,0,63387,82215
2026-02-25 13:00:00,0,16892,80865
2026-02-25 19:00:00,0,61296,119319
2026-02-26 01:00:00,0,86876,61194
2026-02-26 07:00:00,0,69443,85490
2026-02-26 13:00:00,0,16892,80868
2026-02-26 19:00:00,0,61296,119319
2026-02-27 01:00:00,0,86876,61194
2026-02-27 07:00:00,0,54448,80577
2026-02-27 13:00:00,0,16892,80749
2026-02-27 19:00:00,0,61296,119319
2026-02-28 01:00:00,0,86876,61194
2026-02-28 07:00:00,0,52208,80577
2026-02-28 13:00:00,0,16892,80770
2026-02-28 19:00:00,0,61296,119319
2026-03-01 01:00:00,0,86876,61194
2026-03-01 07:00:00,0,48218,78940
2026-03-01 13:00:00,0,16892,80784
2026-03-01 19:00:00,0,61296,119319
2026-03-02 01:00:00,0,86876,61194
2026-03-02 07:00:00,0,77505,78940
2026-03-02 13:00:00,0,69501,81044
2026-03-02 19:00:00,0,71431,119319
2026-03-03 01:00:00,0,86876,61194
2026-03-03 07:00:00,0,81100,80577
2026-03-03 13:00:00,0,69501,80817
2026-03-03 19:00:00,0,71431,119319
2026-03-04 01:00:00,0,86876,61194
2026-03-04 07:00:00,0,52794,80577
2026-03-04 13:00:00,0,16892,80667
2026-03-04 19:00:00,0,61296,119319
2026-03-05 01:00:00,0,86876,61194
2026-03-05 07:00:00,0,51474,80577
2026-03-05 13:00:00,0,16892,82059
2026-03-05 19:00:00,0,61296,119319
2026-03-06 01:00:00,0,86876,61194
2026-03-06 07:00:00,0,52532,80577
2026-03-06 13:00:00,0,16892,80779
2026-03-06 19:00:00,0,61296,119319
2026-03-07 01:00:00,0,86876,61194
2026-03-07 07:00:00,0,55296,82215
2026-03-07 13:00:00,0,16892,80688
2026-03-07 19:00:00,0,61296,119319
2026-03-08 01:00:00,0,86876,61194
2026-03-08 07:00:00,0,59844,82215
2026-03-08 13:00:00,0,16919,80651
2026-03-08 19:00:00,0,61403,119319
2026-03-09 01:00:00,0,86876,61194
2026-03-09 07:00:00,0,95866,84231
2026-03-09 13:00:00,0,69501,80674
2026-03-09 19:00:00,0,71431,119319
2026-03-10 01:00:00,0,86876,61194
2026-03-10 07:00:00,0,87469,84231
2026-03-10 13:00:00,0,69501,80655
2026-03-10 19:00:00,0,71431,119319
2026-03-11 01:00:00,0,86876,61194
2026-03-11 07:00:00,0,59914,83852
2026-03-11 13:00:00,0,16892,80572
2026-03-11 19:00:00,0,61296,119319
2026-03-12 01:00:00,0,86876,61194
2026-03-12 07:00:00,0,59285,83852
2026-03-12 13:00:00,0,16892,80634
2026-03-12 19:00:00,0,61296,119319
2026-03-13 01:00:00,0,86876,61194
2026-03-13 07:00:00,0,55328,82215
2026-03-13 13:00:00,0,16892,80529
2026-03-13 19:00:00,0,61296,119319
2026-03-14 01:00:00,0,86876,61194
2026-03-14 07:00:00,0,47995,78940
2026-03-14 13:00:00,0,16892,80555
2026-03-14 19:00:00,0,61296,119319
2026-03-15 01:00:00,0,86876,61194
2026-03-15 07:00:00,0,47906,78940
2026-03-15 13:00:00,0,16892,80541
2026-03-15 19:00:00,0,61296,119319
2026-03-16 01:00:00,0,86876,61194
2026-03-16 07:00:00,0,73362,77302
2026-03-16 13:00:00,0,69501,80464
2026-03-16 19:00:00,0,71431,119319
2026-03-17 01:00:00,0,86876,61194
2026-03-17 07:00:00,0,73362,77302
2026-03-17 13:00:00,0,69501,80400
2026-03-17 19:00:00,0,71431,119319
2026-03-18 01:00:00,0,86876,61194
2026-03-18 07:00:00,0,43438,77302
2026-03-18 13:00:00,0,16892,80403
2026-03-18 19:00:00,0,61296,119280
2026-03-19 01:00:00,0,86876,61194
2026-03-19 07:00:00,0,43438,77302
2026-03-19 13:00:00,0,16892,80294
2026-03-19 19:00:00,0,61296,119266
2026-03-20 01:00:00,0,86876,61194
2026-03-20 07:00:00,0,43438,77302
2026-03-20 13:00:00,0,16892,80401
2026-03-20 19:00:00,0,61296,119280
2026-03-21 01:00:00,0,86876,61194
2026-03-21 07:00:00,0,43438,77302
2026-03-21 13:00:00,0,16892,80368
2026-03-21 19:00:00,0,61296,119276
2026-03-22 01:00:00,0,86876,61194
2026-03-22 07:00:00,0,43438,77302
2026-03-22 13:00:00,0,16892,79908
2026-03-22 19:00:00,0,61296,119053
2026-03-23 01:00:00,0,86876,61194
2026-03-23 07:00:00,0,73362,77302
2026-03-23 13:00:00,0,69501,79752
2026-03-23 19:00:00,0,71431,118994
2026-03-24 01:00:00,0,86876,61194
2026-03-24 07:00:00,0,73362,77302
2026-03-24 13:00:00,0,69501,80046
2026-03-24 19:00:00,0,71431,119098
2026-03-25 01:00:00,0,86876,61194
2026-03-25 07:00:00,0,43438,77302
2026-03-25 13:00:00,0,16892,80622
2026-03-25 19:00:00,0,61296,119254
2026-03-26 01:00:00,0,86876,61194
2026-03-26 07:00:00,0,43438,77302
2026-03-26 13:00:00,0,16892,79802
2026-03-26 19:00:00,0,61296,119015
2026-03-27 01:00:00,0,86876,61194
2026-03-27 07:00:00,0,43438,77302
2026-03-27 13:00:00,0,16892,79804
2026-03-27 19:00:00,0,61296,119015
2026-03-28 01:00:00,0,86876,61194
2026-03-28 07:00:00,0,43438,77302
2026-03-28 13:00:00,0,16892,80677
2026-03-28 19:00:00,0,61296,119253
2026-03-29 01:00:00,0,86876,61194
2026-03-29 08:00:00,0,43438,77302
2026-03-29 14:00:00,0,16892,79963
2026-03-29 20:00:00,0,61296,119073
2026-03-30 02:00:00,0,86876,61194
2026-03-30 08:00:00,0,73362,77302
2026-03-30 14:00:00,0,69501,79575
2026-03-30 20:00:00,0,71431,118846
2026-03-31 02:00:00,0,86876,61194
2026-03-31 08:00:00,0,70466,80702
2026-03-31 14:00:00,0,69501,81130
2026-03-31 20:00:00,0,91219,129282
2026-04-01 02:00:00,0,132727,90063
2026-04-01 08:00:00,0,42473,88890
2026-04-01 14:00:00,0,28717,110604
2026-04-01 20:00:00,0,85428,123701
2026-04-02 02:00:00,0,299239,203050
2026-04-02 08:00:00,0,72155,151055
2026-04-02 14:00:00,0,25097,86503
2026-04-02 20:00:00,0,84221,133889
2026-04-03 02:00:00,0,308891,209600
2026-04-03 08:00:00,0,90978,182572
2026-04-03 14:00:00,0,30165,118858
2026-04-03 20:00:00,0,132727,195170
2026-04-04 02:00:00,0,260627,176850
2026-04-04 08:00:00,0,57676,124810
2026-04-04 14:00:00,0,23891,83902
2026-04-04 20:00:00,0,81084,139669
2026-04-05 02:00:00,0,86876,58950
2026-04-05 08:00:00,0,42473,107426
2026-04-05 14:00:00,0,22684,82153
2026-04-05 20:00:00,0,85428,128131
2026-04-06 02:00:00,0,94115,63863
2026-04-06 08:00:00,0,87841,104753
2026-04-06 14:00:00,0,69501,82111
2026-04-06 20:00:00,0,94115,147058
2026-04-07 02:00:00,0,86876,58950
2026-04-07 08:00:00,0,85910,99478
2026-04-07 14:00:00,0,69501,81970
2026-04-07 20:00:00,0,81567,117081
2026-04-08 02:00:00,0,101355,68775
2026-04-08 08:00:00,0,41266,103449
2026-04-08 14:00:00,0,22684,81729
2026-04-08 20:00:00,0,89289,145443
2026-04-09 02:00:00,0,86876,58950
2026-04-09 08:00:00,0,38853,99409
2026-04-09 14:00:00,0,22684,82392
2026-04-09 20:00:00,0,89772,143496
2026-04-10 02:00:00,0,86876,58950
2026-04-10 08:00:00,0,43679,106165
2026-04-10 14:00:00,0,22684,82117
2026-04-10 20:00:00,0,68535,112173
2026-04-11 02:00:00,0,125487,85150
2026-04-11 08:00:00,0,38853,90052
2026-04-11 14:00:00,0,22684,82443
2026-04-11 20:00:00,0,80601,121479
2026-04-12 02:00:00,0,91702,62225
2026-04-12 08:00:00,0,35716,95429
2026-04-12 14:00:00,0,22684,82179
2026-04-12 20:00:00,0,78671,132591
2026-04-13 02:00:00,0,118247,80238
2026-04-13 08:00:00,0,91219,99700
2026-04-13 14:00:00,0,69501,82483
2026-04-13 20:00:00,0,87841,135466
2026-04-14 02:00:00,0,115834,78600
2026-04-14 08:00:00,0,83980,96787
2026-04-14 14:00:00,0,69501,82194
2026-04-14 20:00:00,0,87841,136431
2026-04-15 02:00:00,0,154446,104800
2026-04-15 08:00:00,0,50919,109332
2026-04-15 14:00:00,0,22684,82162
2026-04-15 20:00:00,0,80601,136086
2026-04-16 02:00:00,0,183404,124450
2026-04-16 08:00:00,0,49712,109056
2026-04-16 14:00:00,0,22684,82162
2026-04-16 20:00:00,0,79153,135445
2026-04-17 02:00:00,0,171338,116263
2026-04-17 08:00:00,0,47058,106026
2026-04-17 14:00:00,0,22684,81126
2026-04-17 20:00:00,0,76499,131289
2026-04-18 02:00:00,0,248561,168663
2026-04-18 08:00:00,0,57434,129488
2026-04-18 14:00:00,0,22684,81198
2026-04-18 20:00:00,0,87841,138979
2026-04-19 02:00:00,0,275106,186675
2026-04-19 08:00:00,0,70948,155754
2026-04-19 14:00:00,0,26304,89183
2026-04-19 20:00:00,0,95081,142425
2026-04-20 02:00:00,0,255801,173575
2026-04-20 08:00:00,0,114869,125516
2026-04-20 14:00:00,0,69501,81206
2026-04-20 20:00:00,0,94598,141988
2026-04-21 02:00:00,0,246148,167025
2026-04-21 08:00:00,0,122591,134207
2026-04-21 14:00:00,0,69501,81122
2026-04-21 20:00:00,0,102320,145553
2026-04-22 02:00:00,0,258214,175213
2026-04-22 08:00:00,0,51401,113141
2026-04-22 14:00:00,0,22684,82109
2026-04-22 20:00:00,0,85910,143868
2026-04-23 02:00:00,0,200297,135913
2026-04-23 08:00:00,0,51160,114399
2026-04-23 14:00:00,0,22684,82128
2026-04-23 20:00:00,0,85910,143828
2026-04-24 02:00:00,0,185817,126088
2026-04-24 08:00:00,0,62020,130808
2026-04-24 14:00:00,0,26304,89236
2026-04-24 20:00:00,0,73362,124092
2026-04-25 02:00:00,0,168925,114625
2026-04-25 08:00:00,0,60089,143108
2026-04-25 14:00:00,0,23167,85749
2026-04-25 20:00:00,0,85910,135524
2026-04-26 02:00:00,0,144793,98250
2026-04-26 08:00:00,0,47058,113468
2026-04-26 14:00:00,0,27511,91229
2026-04-26 20:00:00,0,97494,147423
2026-04-27 02:00:00,0,217189,147375
2026-04-27 08:00:00,0,111008,125421
2026-04-27 14:00:00,0,69501,82284
2026-04-27 20:00:00,0,88324,135593
2026-04-28 02:00:00,0,197884,134275
2026-04-28 08:00:00,0,102803,116416
2026-04-28 14:00:00,0,69501,82152
2026-04-28 20:00:00,0,95563,139442
2026-04-29 02:00:00,0,253387,171938
2026-04-29 08:00:00,0,58158,126878
2026-04-29 14:00:00,0,22684,81122
2026-04-29 20:00:00,0,111490,165262
2026-04-30 02:00:00,0,275106,186675
2026-04-30 08:00:00,0,76258,159541
2026-04-30 14:00:00,0,31854,119278
2026-04-30 20:00:00,0,115834,177232
2026-05-01 02:00:00,0,152032,103163
2026-05-01 08:00:00,0,41266,98428
2026-05-01 14:00:00,0,22684,82209
2026-05-01 20:00:00,0,68535,111577
2026-05-02 02:00:00,0,108595,73688
2026-05-02 08:00:00,0,30406,80726
2026-05-02 14:00:00,0,22684,82464
2026-05-02 20:00:00,0,68535,111314
2026-05-03 02:00:00,0,127900,86788
2026-05-03 08:00:00,0,36440,86014
2026-05-03 14:00:00,0,22684,81126
2026-05-03 20:00:00,0,85428,129960
2026-05-04 02:00:00,0,86876,58950
2026-05-04 08:00:00,0,91702,108786
2026-05-04 14:00:00,0,69501,82624
2026-05-04 20:00:00,0,86393,124058
2026-05-05 02:00:00,0,91702,62225
2026-05-05 08:00:00,0,91702,106168
2026-05-05 14:00:00,0,69501,82507
2026-05-05 20:00:00,0,81567,117368
2026-05-06 02:00:00,0,94115,63863
2026-05-06 08:00:00,0,41266,101477
2026-05-06 14:00:00,0,22684,82591
2026-05-06 20:00:00,0,85428,128455
2026-05-07 02:00:00,0,86876,58950
2026-05-07 08:00:00,0,41266,104758
2026-05-07 14:00:00,0,22684,82319
2026-05-07 20:00:00,0,82049,136330
2026-05-08 02:00:00,0,86876,58950
2026-05-08 08:00:00,0,37163,100120
2026-05-08 14:00:00,0,22684,82396
2026-05-08 20:00:00,0,82049,136361
2026-05-09 02:00:00,0,86876,58950
2026-05-09 08:00:00,0,35957,97444
2026-05-09 14:00:00,0,22684,82619
2026-05-09 20:00:00,0,83980,139872
2026-05-10 02:00:00,0,86876,58950
2026-05-10 08:00:00,0,32820,93457
2026-05-10 14:00:00,0,22684,82367
2026-05-10 20:00:00,0,76258,125592
2026-05-11 02:00:00,0,86876,58950
2026-05-11 08:00:00,0,89772,106128
2026-05-11 14:00:00,0,69501,82492
2026-05-11 20:00:00,0,87841,136154
2026-05-12 02:00:00,0,86876,58950
2026-05-12 08:00:00,0,85910,96774
2026-05-12 14:00:00,0,69501,82532
2026-05-12 20:00:00,0,83980,129103
2026-05-13 02:00:00,0,86876,58950
2026-05-13 08:00:00,0,43679,110095
2026-05-13 14:00:00,0,22684,82549
2026-05-13 20:00:00,0,80119,132706
2026-05-14 02:00:00,0,86876,58950
2026-05-14 08:00:00,0,37887,98755
2026-05-14 14:00:00,0,22684,82516
2026-05-14 20:00:00,0,80601,131851
2026-05-15 02:00:00,0,86876,58950
2026-05-15 08:00:00,0,40059,100115
2026-05-15 14:00:00,0,22684,82527
2026-05-15 20:00:00,0,83015,124450
2026-05-16 02:00:00,0,89289,60588
2026-05-16 08:00:00,0,41266,104752
2026-05-16 14:00:00,0,22684,82074
2026-05-16 20:00:00,0,84462,139010
2026-05-17 02:00:00,0,86876,58950
2026-05-17 08:00:00,0,42473,104816
2026-05-17 14:00:00,0,22684,81401
2026-05-17 20:00:00,0,85428,136526
2026-05-18 02:00:00,0,86876,58950
2026-05-18 08:00:00,0,85910,102092
2026-05-18 14:00:00,0,69501,81202
2026-05-18 20:00:00,0,93633,147209
2026-05-19 02:00:00,0,86876,58950
2026-05-19 08:00:00,0,89772,106114
2026-05-19 14:00:00,0,69501,82825
2026-05-19 20:00:00,0,74327,111197
2026-05-20 02:00:00,0,135140,91700
2026-05-20 08:00:00,0,34026,84360
2026-05-20 14:00:00,0,22684,82815
2026-05-20 20:00:00,0,68535,111103
2026-05-21 02:00:00,0,108595,73688
2026-05-21 08:00:00,0,41266,94066
2026-05-21 14:00:00,0,22684,82780
2026-05-21 20:00:00,0,80601,121532
2026-05-22 02:00:00,0,94115,63863
2026-05-22 08:00:00,0,38853,97443
2026-05-22 14:00:00,0,22684,82481
2026-05-22 20:00:00,0,84462,130966
2026-05-23 02:00:00,0,86876,58950
2026-05-23 08:00:00,0,37646,94771
2026-05-23 14:00:00,0,22684,82766
2026-05-23 20:00:00,0,82049,129313
2026-05-24 02:00:00,0,86876,58950
2026-05-24 08:00:00,0,40059,102080
2026-05-24 14:00:00,0,22684,83144
2026-05-24 20:00:00,0,87358,140771
2026-05-25 02:00:00,0,86876,58950
2026-05-25 08:00:00,0,83980,98755
2026-05-25 14:00:00,0,69501,82684
2026-05-25 20:00:00,0,92667,133652
2026-05-26 02:00:00,0,86876,58950
2026-05-26 08:00:00,0,87841,100168
2026-05-26 14:00:00,0,69501,82726
2026-05-26 20:00:00,0,88806,125425
2026-05-27 02:00:00,0,89289,60588
2026-05-27 08:00:00,0,37646,93462
2026-05-27 14:00:00,0,22684,83082
2026-05-27 20:00:00,0,73362,114305
2026-05-28 02:00:00,0,125487,85150
2026-05-28 08:00:00,0,36440,85998
2026-05-28 14:00:00,0,22684,82667
2026-05-28 20:00:00,18.4,80601,120348
2026-05-29 02:00:00,0,89289,60588
2026-05-29 08:00:00,0,36440,94064
2026-05-29 14:00:00,0,22684,82672
2026-05-29 20:00:00,0,84462,138776
2026-05-30 02:00:00,0,86876,58950
2026-05-30 08:00:00,0,36440,94067
2026-05-30 14:00:00,0,22684,82506
2026-05-30 20:00:00,0,86393,142354
2026-05-31 02:00:00,0,86876,58950
2026-05-31 08:00:00,0,37646,96736
2026-05-31 14:00:00,0,22684,82655
2026-05-31 20:00:00,0,84462,138750
2026-06-01 02:00:00,0,86876,58950
2026-06-01 08:00:00,0,82049,94775
2026-06-01 14:00:00,0,69501,82431
2026-06-01 20:00:00,0,90737,130014
2026-06-02 02:00:00,0,89289,60588
2026-06-02 08:00:00,0,83980,97444
2026-06-02 14:00:00,7097,69501,82935
2026-06-02 20:00:00,2549,92667,133504
2026-06-03 02:00:00,0,86876,58950
2026-06-03 08:00:00,0,37646,95426
2026-06-03 14:00:00,1936,22684,82951
2026-06-03 20:00:00,3486,85428,137067
2026-06-04 02:00:00,0,86876,58950
2026-06-04 08:00:00,0,36440,94066
2026-06-04 14:00:00,0,22684,83005
2026-06-04 20:00:00,0,82049,135877
2026-06-05 02:00:00,0,86876,58950
2026-06-05 08:00:00,0,37646,96737
2026-06-05 14:00:00,0.362,22684,82929
2026-06-05 20:00:00,33.3,86393,134233
2026-06-06 02:00:00,0,86876,58950
2026-06-06 08:00:00,0,36440,94065
2026-06-06 14:00:00,40.7,22684,82895
2026-06-06 20:00:00,0,84462,138567
2026-06-07 02:00:00,0,86876,58950
2026-06-07 08:00:00,0,36440,94064
2026-06-07 14:00:00,4.24,22684,82899
2026-06-07 20:00:00,0,83980,139395
2026-06-08 02:00:00,0,86876,58950
2026-06-08 08:00:00,0,80119,94064
2026-06-08 14:00:00,0,69501,82843
2026-06-08 20:00:00,0,87841,135848
2026-06-09 02:00:00,0,86876,58950
2026-06-09 08:00:00,0,83980,99408
2026-06-09 14:00:00,49.2,69501,82912
2026-06-09 20:00:00,5.47,87841,135814
2026-06-10 02:00:00,0,86876,58950
2026-06-10 08:00:00,0,37646,96736
2026-06-10 14:00:00,0,22684,82912
2026-06-10 20:00:00,0,83980,131497
2026-06-11 02:00:00,0,86876,58950
2026-06-11 08:00:00,0,38853,96787
2026-06-11 14:00:00,1802,22684,82877
2026-06-11 20:00:00,3858,83015,126268
2026-06-12 02:00:00,0,91702,62225
2026-06-12 08:00:00,0,40059,99460
2026-06-12 14:00:00,11775,22684,82869
2026-06-12 20:00:00,16110,85428,125606
2026-06-13 02:00:00,0,94115,63863
2026-06-13 08:00:00,0,41266,94745
2026-06-13 14:00:00,75494,22926,85146
2026-06-13 20:00:00,56981,83015,122781
2026-06-14 02:00:00,0,94115,63863
2026-06-14 08:00:00,0,40059,98804
2026-06-14 14:00:00,117143,22926,85446
2026-06-14 20:00:00,101524,86876,133289
2026-06-15 02:00:00,0,86876,58950
2026-06-15 08:00:00,19270,83980,99406
2026-06-15 14:00:00,96693,69501,83146
2026-06-15 20:00:00,51750,86393,131351
2026-06-16 02:00:00,0,86876,58950
2026-06-16 08:00:00,30052,85910,100113
2026-06-16 14:00:00,118975,69501,83133
2026-06-16 20:00:00,63363,91219,126699
2026-06-17 02:00:00,0,89289,60588
2026-06-17 08:00:00,0,40059,98803
2026-06-17 14:00:00,148655,22926,85417
2026-06-17 20:00:00,116252,84945,126326
2026-06-18 02:00:00,0,111008,75325
2026-06-18 08:00:00,0,38853,90074
2026-06-18 14:00:00,208071,23167,85936
2026-06-18 20:00:00,195438,72396,118053
2026-06-19 02:00:00,0,86876,58950
2026-06-19 08:00:00,0,30406,80705
2026-06-19 14:00:00,590714,25097,94358
2026-06-19 20:00:00,318385,76258,124970
2026-06-20 02:00:00,0,103768,70413
2026-06-20 08:00:00,0,30406,80706
2026-06-20 14:00:00,677815,25339,96662
2026-06-20 20:00:00,402884,78188,128582
2026-06-21 02:00:00,0,132727,90063
2026-06-21 08:00:00,0,35233,86376
2026-06-21 14:00:00,679119,25339,96627
2026-06-21 20:00:00,392970,78188,128538
2026-06-22 02:00:00,0,127900,86788
2026-06-22 08:00:00,479368,88324,101214
2026-06-22 14:00:00,578740,69501,82736
2026-06-22 20:00:00,309254,83980,128568
2026-06-23 02:00:00,0,132727,90063
2026-06-23 08:00:00,399155,90737,102816
2026-06-23 14:00:00,621829,69501,82659
2026-06-23 20:00:00,334608,89289,129715
2026-06-24 02:00:00,0,101355,68775
2026-06-24 08:00:00,0,37646,93465
2026-06-24 14:00:00,676047,25821,98707
2026-06-24 20:00:00,324932,90254,137940
2026-06-25 02:00:00,0,94115,63863
2026-06-25 08:00:00,0,38853,90031
2026-06-25 14:00:00,547421,24856,96659
2026-06-25 20:00:00,342136,87841,135093
2026-06-26 02:00:00,0,91702,62225
2026-06-26 08:00:00,0,38853,98751
2026-06-26 14:00:00,496345,24615,94373
2026-06-26 20:00:00,278802,78671,127779
2026-06-27 02:00:00,0,86876,58950
2026-06-27 08:00:00,0,40059,102079
2026-06-27 14:00:00,256176,23649,89728
2026-06-27 20:00:00,157842,74810,120603
2026-06-28 02:00:00,0,86876,58950
2026-06-28 08:00:00,0,36681,96080
2026-06-28 14:00:00,161510,23167,87392
2026-06-28 20:00:00,122899,74327,121423
2026-06-29 02:00:00,0,86876,58950
2026-06-29 08:00:00,118991,83980,99407
2026-06-29 14:00:00,281490,69501,82744
2026-06-29 20:00:00,162680,96046,142360
2026-06-30 02:00:00,0,86876,58950
2026-06-30 08:00:00,78453,80119,93408
2026-06-30 14:00:00,207242,69501,82780
2026-06-30 20:00:00,121014,97494,136590
2026-07-01 02:00:00,0,113421,76963
2026-07-01 08:00:00,0,37646,88017
2026-07-01 14:00:00,330383,23649,89644
2026-07-01 20:00:00,276570,72396,117773
2026-07-02 02:00:00,0,125487,85150
2026-07-02 08:00:00,0,32820,82490
2026-07-02 14:00:00,420581,24615,94111
2026-07-02 20:00:00,267471,72396,117798
2026-07-03 02:00:00,0,123074,83513
2026-07-03 08:00:00,0,30406,80981
2026-07-03 14:00:00,436847,24132,92000
2026-07-03 20:00:00,287591,76258,124922
2026-07-04 02:00:00,0,115834,78600
2026-07-04 08:00:00,0,38853,90032
2026-07-04 14:00:00,448984,24132,91575
2026-07-04 20:00:00,292642,91219,137477
2026-07-05 02:00:00,0,89289,60588
2026-07-05 08:00:00,0,40059,98148
2026-07-05 14:00:00,407401,24132,92044
2026-07-05 20:00:00,272259,88806,134639
2026-07-06 02:00:00,0,89289,60588
2026-07-06 08:00:00,276978,85910,100768
2026-07-06 14:00:00,492941,69501,83081
2026-07-06 20:00:00,281685,97011,137341
2026-07-07 02:00:00,0,94115,63863
2026-07-07 08:00:00,388244,90254,103111
2026-07-07 14:00:00,552807,69501,82716
2026-07-07 20:00:00,309840,80119,121489
2026-07-08 02:00:00,0,118247,80238
2026-07-08 08:00:00,0,32820,82476
2026-07-08 14:00:00,677918,25339,95244
2026-07-08 20:00:00,360502,78188,128956
2026-07-09 02:00:00,0,132727,90063
2026-07-09 08:00:00,0,35233,83981
2026-07-09 14:00:00,699583,25580,99279
2026-07-09 20:00:00,409276,78188,128554
2026-07-10 02:00:00,0,120661,81875
2026-07-10 08:00:00,104,31613,82830
2026-07-10 14:00:00,619818,25339,98999
2026-07-10 20:00:00,368404,78188,128487
2026-07-11 02:00:00,0,111008,75325
2026-07-11 08:00:00,188,38853,90029
2026-07-11 14:00:00,776543,25097,94331
2026-07-11 20:00:00,423892,85428,133516
2026-07-12 02:00:00,0,98942,67138
2026-07-12 08:00:00,33.1,37646,93460
2026-07-12 14:00:00,696297,25580,99290
2026-07-12 20:00:00,380733,83015,131832
2026-07-13 02:00:00,0,103768,70413
2026-07-13 08:00:00,604433,92185,105783
2026-07-13 14:00:00,755986,69501,82755
2026-07-13 20:00:00,435732,91219,133544
2026-07-14 02:00:00,0,98942,67138
2026-07-14 08:00:00,513699,87841,102131
2026-07-14 14:00:00,653808,69501,82589
2026-07-14 20:00:00,382250,96529,140497
2026-07-15 02:00:00,0,86876,58950
2026-07-15 08:00:00,0,38853,98751
2026-07-15 14:00:00,485327,24615,94373
2026-07-15 20:00:00,301110,95563,144918
2026-07-16 02:00:00,0,89289,60588
2026-07-16 08:00:00,0,40059,99458
2026-07-16 14:00:00,463168,24132,92019
2026-07-16 20:00:00,318083,83497,129957
2026-07-17 02:00:00,0,106181,72050
2026-07-17 08:00:00,0,40059,92048
2026-07-17 14:00:00,564383,24615,94101
2026-07-17 20:00:00,334157,78188,128657
2026-07-18 02:00:00,0,132727,90063
2026-07-18 08:00:00,0,34026,84359
2026-07-18 14:00:00,684779,25580,98714
2026-07-18 20:00:00,423361,78188,128727
2026-07-19 02:00:00,0,127900,86788
2026-07-19 08:00:00,2403,32820,84740
2026-07-19 14:00:00,807596,25821,98747
2026-07-19 20:00:00,425529,78188,128706
2026-07-20 02:00:00,0,106181,72050
2026-07-20 08:00:00,483596,90254,103768
2026-07-20 14:00:00,677874,69501,82472
2026-07-20 20:00:00,405948,83980,128657
2026-07-21 02:00:00,0,86876,58950
2026-07-21 08:00:00,723884,74327,86047
2026-07-21 14:00:00,966202,69501,82539
2026-07-21 20:00:00,560720,87841,135868
2026-07-22 02:00:00,0,86876,58950
2026-07-22 08:00:00,154485,34026,88719
2026-07-22 14:00:00,844323,24615,94826
2026-07-22 20:00:00,561102,76258,125102
2026-07-23 02:00:00,0,132727,90063
2026-07-23 08:00:00,100310,37646,88669
2026-07-23 14:00:00,704458,24132,92110
2026-07-23 20:00:00,490272,78188,128777
2026-07-24 02:00:00,0,130314,88425
2026-07-24 08:00:00,97666,37646,88667
2026-07-24 14:00:00,780504,24615,94170
2026-07-24 20:00:00,494703,78188,128748
2026-07-25 02:00:00,0,108595,73688
2026-07-25 08:00:00,41724,38853,93081
2026-07-25 14:00:00,693369,24132,92181
2026-07-25 20:00:00,489287,85428,133656
2026-07-26 02:00:00,0,96529,65500
2026-07-26 08:00:00,5285,38853,98096
2026-07-26 14:00:00,641838,25339,98805
2026-07-26 20:00:00,366717,85428,133673
2026-07-27 02:00:00,0,111008,75325
2026-07-27 08:00:00,614952,96529,110094
2026-07-27 14:00:00,682584,69501,82641
2026-07-27 20:00:00,381544,83980,128852
2026-07-28 02:00:00,0,98942,67138
2026-07-28 08:00:00,643218,82049,97176
2026-07-28 14:00:00,694497,69501,82877
2026-07-28 20:00:00,430888,83980,128805
2026-07-29 02:00:00,0,86876,58950
2026-07-29 08:00:00,32087,30406,80788
2026-07-29 14:00:00,833697,25339,96284
2026-07-29 20:00:00,502785,78188,128953
2026-07-30 02:00:00,0,125487,85150
2026-07-30 08:00:00,43128,32820,84753
2026-07-30 14:00:00,767338,24373,91638
2026-07-30 20:00:00,487541,78188,128868
2026-07-31 02:00:00,0,127900,86788
2026-07-31 08:00:00,59503,35233,86377
2026-07-31 14:00:00,740417,24615,93942
2026-07-31 20:00:00,452588,78188,128968
2026-08-01 02:00:00,0,106181,72050
2026-08-01 08:00:00,15341,37646,93460
2026-08-01 14:00:00,603937,24615,94253
2026-08-01 20:00:00,360270,85428,133849
2026-08-02 02:00:00,0,94115,63863
2026-08-02 08:00:00,3123,36440,92099
2026-08-02 14:00:00,605621,25339,98600
2026-08-02 20:00:00,380144,90254,138264
2026-08-03 02:00:00,0,89289,60588
2026-08-03 08:00:00,512408,89772,105456
2026-08-03 14:00:00,628865,69501,82660
2026-08-03 20:00:00,348197,103286,148724
2026-08-04 02:00:00,0,86876,58950
2026-08-04 08:00:00,317457,83980,98752
2026-08-04 14:00:00,544667,69501,82707
2026-08-04 20:00:00,291782,98942,143590
2026-08-05 02:00:00,0,86876,58950
2026-08-05 08:00:00,0,38853,95478
2026-08-05 14:00:00,523549,24856,96623
2026-08-05 20:00:00,329927,78188,129001
2026-08-06 02:00:00,0,111008,75325
2026-08-06 08:00:00,0,40059,97493
2026-08-06 14:00:00,658242,25339,96330
2026-08-06 20:00:00,346418,90254,138322
2026-08-07 02:00:00,0,94115,63863
2026-08-07 08:00:00,0,40059,99036
2026-08-07 14:00:00,515937,24856,96177
2026-08-07 20:00:00,296972,91219,136753
2026-08-08 02:00:00,0,96529,65500
2026-08-08 08:00:00,0,40059,97495
2026-08-08 14:00:00,536194,24615,94384
2026-08-08 20:00:00,322138,78188,129010
2026-08-09 02:00:00,0,135140,91700
2026-08-09 08:00:00,0,37646,88023
2026-08-09 14:00:00,564564,24615,93708
2026-08-09 20:00:00,390512,78188,130590
2026-08-10 02:00:00,0,137553,93338
2026-08-10 08:00:00,670420,82532,94403
2026-08-10 14:00:00,707162,69501,81146
2026-08-10 20:00:00,404183,83980,129280
2026-08-11 02:00:00,0,123074,83513
2026-08-11 08:00:00,488482,88806,100717
2026-08-11 14:00:00,608824,69501,82429
2026-08-11 20:00:00,362726,83980,129068
2026-08-12 02:00:00,0,127900,86788
2026-08-12 08:00:00,0,37646,88016
2026-08-12 14:00:00,744347,25339,96120
2026-08-12 20:00:00,449294,78188,129081
2026-08-13 02:00:00,0,118247,80238
2026-08-13 08:00:00,0,37646,90409
2026-08-13 14:00:00,771498,25821,98670
2026-08-13 20:00:00,407054,78188,129075
2026-08-14 02:00:00,0,130314,88425
2026-08-14 08:00:00,2070,35233,86379
2026-08-14 14:00:00,719891,25580,98460
2026-08-14 20:00:00,382927,78188,129171
2026-08-15 02:00:00,0,127900,86788
2026-08-15 08:00:00,1933,34026,84487
2026-08-15 14:00:00,773587,25580,98108
2026-08-15 20:00:00,461852,78188,129332
2026-08-16 02:00:00,0,123074,83513
2026-08-16 08:00:00,6701,38853,90031
2026-08-16 14:00:00,767555,25580,98420
2026-08-16 20:00:00,469194,78188,129210
2026-08-17 02:00:00,0,118247,80238
2026-08-17 08:00:00,749370,84462,97063
2026-08-17 14:00:00,909434,69501,82509
2026-08-17 20:00:00,494855,83980,129193
2026-08-18 02:00:00,0,89289,60588
2026-08-18 08:00:00,755503,78188,91394
2026-08-18 14:00:00,937521,69501,82575
2026-08-18 20:00:00,577990,83980,129237
2026-08-19 02:00:00,0,86876,58950
2026-08-19 08:00:00,222365,35233,91393
2026-08-19 14:00:00,849520,24615,94148
2026-08-19 20:00:00,561916,76258,125656
2026-08-20 02:00:00,0,115834,78600
2026-08-20 08:00:00,141688,36440,89050
2026-08-20 14:00:00,713990,24132,91873
2026-08-20 20:00:00,480208,78188,129251
2026-08-21 02:00:00,0,118247,80238
2026-08-21 08:00:00,119263,36440,89053
2026-08-21 14:00:00,740018,24132,91328
2026-08-21 20:00:00,549657,78188,129433
2026-08-22 02:00:00,0,86876,58950
2026-08-22 08:00:00,88877,31613,83883
2026-08-22 14:00:00,743693,24615,93754
2026-08-22 20:00:00,425951,78188,129745
2026-08-23 02:00:00,0,115834,78600
2026-08-23 08:00:00,16834,38853,92438
2026-08-23 14:00:00,571405,24615,93677
2026-08-23 20:00:00,350433,78188,129369
2026-08-24 02:00:00,0,125487,85150
2026-08-24 08:00:00,575423,92185,106441
2026-08-24 14:00:00,690117,69501,82368
2026-08-24 20:00:00,408178,83980,129304
2026-08-25 02:00:00,0,118247,80238
2026-08-25 08:00:00,716803,86876,98702
2026-08-25 14:00:00,858289,69501,82341
2026-08-25 20:00:00,520225,83980,129539
2026-08-26 02:00:00,0,113421,76963
2026-08-26 08:00:00,60805,36440,88394
2026-08-26 14:00:00,865983,25339,96302
2026-08-26 20:00:00,502914,78188,129533
2026-08-27 02:00:00,0,111008,75325
2026-08-27 08:00:00,106988,34026,85035
2026-08-27 14:00:00,892302,25339,96310
2026-08-27 20:00:00,529441,78188,129543
2026-08-28 02:00:00,0,118247,80238
2026-08-28 08:00:00,94333,40059,92705
2026-08-28 14:00:00,690220,24132,91711
2026-08-28 20:00:00,468110,78188,129599
2026-08-29 02:00:00,0,118247,80238
2026-08-29 08:00:00,90470,38853,93084
2026-08-29 14:00:00,675086,24132,91363
2026-08-29 20:00:00,473736,78188,129571
2026-08-30 02:00:00,0,111008,75325
2026-08-30 08:00:00,104648,36440,89050
2026-08-30 14:00:00,740062,24132,91350
2026-08-30 20:00:00,580550,78188,129596
2026-08-31 02:00:00,0,86876,58950
2026-08-31 08:00:00,754694,76258,88806
2026-08-31 14:00:00,928521,69501,82286
2026-08-31 20:00:00,540802,83980,130868
2026-09-01 02:00:00,0,111008,75325
2026-09-01 08:00:00,479403,96046,111152
2026-09-01 14:00:00,638860,69501,81894
2026-09-01 20:00:00,400197,102803,150649
2026-09-02 02:00:00,0,91702,62225
2026-09-02 08:00:00,7270,36440,90799
2026-09-02 14:00:00,712177,25097,95511
2026-09-02 20:00:00,446727,78188,130108
2026-09-03 02:00:00,0,111008,75325
2026-09-03 08:00:00,1688,38853,95485
2026-09-03 14:00:00,728426,24856,94032
2026-09-03 20:00:00,427734,78188,130014
2026-09-04 02:00:00,0,106181,72050
2026-09-04 08:00:00,17567,30406,80752
2026-09-04 14:00:00,692666,24615,94086
2026-09-04 20:00:00,427252,78188,130956
2026-09-05 02:00:00,0,91702,62225
2026-09-05 08:00:00,4716,31613,84264
2026-09-05 14:00:00,747917,24856,93754
2026-09-05 20:00:00,473650,78188,130006
2026-09-06 02:00:00,0,108595,73688
2026-09-06 08:00:00,3185,37646,93464
2026-09-06 14:00:00,725250,25580,97673
2026-09-06 20:00:00,370316,92667,144570
2026-09-07 02:00:00,0,86876,58950
2026-09-07 08:00:00,426641,87841,104108
2026-09-07 14:00:00,571746,69501,81944
2026-09-07 20:00:00,328980,100390,150139
2026-09-08 02:00:00,0,86876,58950
2026-09-08 08:00:00,346820,85910,101430
2026-09-08 14:00:00,513170,69501,82321
2026-09-08 20:00:00,265970,97011,138156
2026-09-09 02:00:00,0,86876,58950
2026-09-09 08:00:00,0,38853,99414
2026-09-09 14:00:00,277527,23649,89366
2026-09-09 20:00:00,176851,82532,137083
2026-09-10 02:00:00,0,86876,58950
2026-09-10 08:00:00,0,37646,96742
2026-09-10 14:00:00,238070,23649,89373
2026-09-10 20:00:00,168630,85428,139047
2026-09-11 02:00:00,0,86876,58950
2026-09-11 08:00:00,0,37646,96742
2026-09-11 14:00:00,269142,23649,89502
2026-09-11 20:00:00,195004,84462,132776
2026-09-12 02:00:00,0,91702,62225
2026-09-12 08:00:00,0,37646,96088
2026-09-12 14:00:00,271007,23649,89511
2026-09-12 20:00:00,186619,91702,138811
2026-09-13 02:00:00,0,86876,58950
2026-09-13 08:00:00,0,36440,94071
2026-09-13 14:00:00,235397,23167,87402
2026-09-13 20:00:00,171108,91702,139992
2026-09-14 02:00:00,0,86876,58950
2026-09-14 08:00:00,179868,80119,94071
2026-09-14 14:00:00,346046,69501,82560
2026-09-14 20:00:00,199316,83015,123461
2026-09-15 02:00:00,0,137553,93338
2026-09-15 08:00:00,205521,90737,103184
2026-09-15 14:00:00,317896,69501,82519
2026-09-15 20:00:00,221665,84462,130234
2026-09-16 02:00:00,0,89289,60588
2026-09-16 08:00:00,0,35957,97492
2026-09-16 14:00:00,127064,22926,85025
2026-09-16 20:00:00,83102,81567,131114
2026-09-17 02:00:00,0,86876,58950
2026-09-17 08:00:00,0,36440,94072
2026-09-17 14:00:00,143907,22926,85097
2026-09-17 20:00:00,104279,88806,139392
2026-09-18 02:00:00,0,89289,60588
2026-09-18 08:00:00,0,37646,94781
2026-09-18 14:00:00,194201,23167,87180
2026-09-18 20:00:00,173747,87358,131650
2026-09-19 02:00:00,0,94115,63863
2026-09-19 08:00:00,0,36440,94072
2026-09-19 14:00:00,175667,23167,87395
2026-09-19 20:00:00,120112,88324,140201
2026-09-20 02:00:00,0,86876,58950
2026-09-20 08:00:00,0,36440,94074
2026-09-20 14:00:00,148490,23167,87757
2026-09-20 20:00:00,107116,92185,138290
2026-09-21 02:00:00,0,91702,62225
2026-09-21 08:00:00,80822,85910,100786
2026-09-21 14:00:00,189534,69501,82850
2026-09-21 20:00:00,77582,93150,135015
2026-09-22 02:00:00,0,89289,60588
2026-09-22 08:00:00,67256,82049,95439
2026-09-22 14:00:00,208845,69501,82694
2026-09-22 20:00:00,98417,98459,146528
2026-09-23 02:00:00,0,98942,67138
2026-09-23 08:00:00,0,41266,97145
2026-09-23 14:00:00,147952,22926,85041
2026-09-23 20:00:00,87623,87841,141010
2026-09-24 02:00:00,0,86876,58950
2026-09-24 08:00:00,0,36440,94077
2026-09-24 14:00:00,65060,22926,85428
2026-09-24 20:00:00,44278,81084,133045
2026-09-25 02:00:00,0,86876,58950
2026-09-25 08:00:00,0,38853,96146
2026-09-25 14:00:00,137910,22926,85120
2026-09-25 20:00:00,93235,87841,131963
2026-09-26 02:00:00,0,91702,62225
2026-09-26 08:00:00,0,37646,96748
2026-09-26 14:00:00,108937,22926,85180
2026-09-26 20:00:00,60167,81084,133045
2026-09-27 02:00:00,0,86876,58950
2026-09-27 08:00:00,0,36440,94076
2026-09-27 14:00:00,58265,22684,82877
2026-09-27 20:00:00,33493,78671,130286
2026-09-28 02:00:00,0,86876,58950
2026-09-28 08:00:00,2581,80119,94076
2026-09-28 14:00:00,44069,69501,82908
2026-09-28 20:00:00,9613,93633,148934
2026-09-29 02:00:00,0,86876,58950
2026-09-29 08:00:00,2771,80119,94078
2026-09-29 14:00:00,43564,69501,82905
2026-09-29 20:00:00,14305,88324,137422
2026-09-30 02:00:00,0,86876,58950
2026-09-30 08:00:00,0,36440,94079
2026-09-30 14:00:00,3985,22684,83046
2026-09-30 20:00:00,1321,86876,142627
2026-10-01 02:00:00,0,86876,58950
2026-10-01 08:00:00,0,30406,80702
2026-10-01 14:00:00,0,22684,82677
2026-10-01 20:00:00,0,68535,113254
2026-10-02 02:00:00,0,86876,58950
2026-10-02 08:00:00,0,30406,80702
2026-10-02 14:00:00,0,22684,84768
2026-10-02 20:00:00,0,68535,113254
2026-10-03 02:00:00,0,86876,58950
2026-10-03 08:00:00,0,30406,80702
2026-10-03 14:00:00,0,22684,82662
2026-10-03 20:00:00,0,68535,113254
2026-10-04 02:00:00,0,86876,58950
2026-10-04 08:00:00,0,30406,80702
2026-10-04 14:00:00,0,22684,82631
2026-10-04 20:00:00,0,68535,113254
2026-10-05 02:00:00,0,86876,58950
2026-10-05 08:00:00,0,70466,80702
2026-10-05 14:00:00,0,69501,82705
2026-10-05 20:00:00,0,74327,113254
2026-10-06 02:00:00,0,86876,58950
2026-10-06 08:00:00,0,70466,80702
2026-10-06 14:00:00,0,69501,82735
2026-10-06 20:00:00,0,74327,113254
2026-10-07 02:00:00,0,86876,58950
2026-10-07 08:00:00,0,30406,80702
2026-10-07 14:00:00,0,22684,83823
2026-10-07 20:00:00,0,68535,113254
2026-10-08 02:00:00,0,86876,58950
2026-10-08 08:00:00,0,30406,80702
2026-10-08 14:00:00,0,22684,82862
2026-10-08 20:00:00,0,68535,113254
2026-10-09 02:00:00,0,86876,58950
2026-10-09 08:00:00,0,30406,80702
2026-10-09 14:00:00,0,22684,82824
2026-10-09 20:00:00,0,68535,113254
2026-10-10 02:00:00,0,86876,58950
2026-10-10 08:00:00,0,30406,80702
2026-10-10 14:00:00,0,22684,85535
2026-10-10 20:00:00,0,68535,113254
2026-10-11 02:00:00,0,86876,58950
2026-10-11 08:00:00,0,30406,80702
2026-10-11 14:00:00,0,22684,82934
2026-10-11 20:00:00,0,68535,113254
2026-10-12 02:00:00,0,86876,58950
2026-10-12 08:00:00,0,70466,80702
2026-10-12 14:00:00,0,69501,82937
2026-10-12 20:00:00,0,74327,113254
2026-10-13 02:00:00,0,86876,58950
2026-10-13 08:00:00,0,70466,80702
2026-10-13 14:00:00,0,69501,83088
2026-10-13 20:00:00,0,74327,113254
2026-10-14 02:00:00,0,86876,58950
2026-10-14 08:00:00,0,30406,80702
2026-10-14 14:00:00,0,22684,83361
2026-10-14 20:00:00,0,68535,113254
2026-10-15 02:00:00,0,86876,58950
2026-10-15 08:00:00,0,30406,80702
2026-10-15 14:00:00,0,22684,83365
2026-10-15 20:00:00,0,68535,113254
2026-10-16 02:00:00,0,86876,58950
2026-10-16 08:00:00,0,30406,81815
2026-10-16 14:00:00,0,22684,83351
2026-10-16 20:00:00,0,68535,113254
2026-10-17 02:00:00,0,86876,58950
2026-10-17 08:00:00,0,30406,81170
2026-10-17 14:00:00,0,22684,83351
2026-10-17 20:00:00,0,68535,113254
2026-10-18 02:00:00,0,86876,58950
2026-10-18 08:00:00,0,30406,80702
2026-10-18 14:00:00,0,22684,83508
2026-10-18 20:00:00,0,68535,113254
2026-10-19 02:00:00,0,86876,58950
2026-10-19 08:00:00,0,70466,80702
2026-10-19 14:00:00,0,69501,83376
2026-10-19 20:00:00,0,74327,113254
2026-10-20 02:00:00,0,86876,58950
2026-10-20 08:00:00,0,70466,80702
2026-10-20 14:00:00,0,69501,83369
2026-10-20 20:00:00,0,74327,113254
2026-10-21 02:00:00,0,86876,58950
2026-10-21 08:00:00,0,30406,80702
2026-10-21 14:00:00,0,22684,83375
2026-10-21 20:00:00,0,68535,113254
2026-10-22 02:00:00,0,86876,58950
2026-10-22 08:00:00,0,30406,81048
2026-10-22 14:00:00,0,22684,83907
2026-10-22 20:00:00,0,68535,113254
2026-10-23 02:00:00,0,86876,58950
2026-10-23 08:00:00,0,30406,80895
2026-10-23 14:00:00,0,22684,84195
2026-10-23 20:00:00,0,68535,113254
2026-10-24 02:00:00,0,86876,58950
2026-10-24 08:00:00,0,30406,80889
2026-10-24 14:00:00,0,22684,85651
2026-10-24 20:00:00,0,68535,113254
2026-10-25 02:00:00,0,86876,58950
2026-10-25 07:00:00,0,30406,80844
2026-10-25 13:00:00,0,22684,84535
2026-10-25 19:00:00,0,68535,113254
2026-10-26 01:00:00,0,86876,58950
2026-10-26 07:00:00,0,70466,81274
2026-10-26 13:00:00,0,69501,84308
2026-10-26 19:00:00,0,74327,113254
2026-10-27 01:00:00,0,86876,58950
2026-10-27 07:00:00,0,70466,81166
2026-10-27 13:00:00,0,69501,84229
2026-10-27 19:00:00,0,74327,113254
2026-10-28 01:00:00,0,86876,58950
2026-10-28 07:00:00,0,43438,77302
2026-10-28 13:00:00,0,16892,82222
2026-10-28 19:00:00,0,61296,119319
2026-10-29 01:00:00,0,86876,61194
2026-10-29 07:00:00,0,43438,77302
2026-10-29 13:00:00,0,16892,82240
2026-10-29 19:00:00,0,61296,119319
2026-10-30 01:00:00,0,86876,61194
2026-10-30 07:00:00,0,43438,77302
2026-10-30 13:00:00,0,16892,82370
2026-10-30 19:00:00,0,61296,119319
2026-10-31 01:00:00,0,86876,61194
2026-10-31 07:00:00,0,43438,77302
2026-10-31 13:00:00,0,16892,82380
2026-10-31 19:00:00,0,61296,119319
2026-11-01 01:00:00,0,86876,61194
2026-11-01 07:00:00,0,43438,77302
2026-11-01 13:00:00,0,16892,82273
2026-11-01 19:00:00,0,61296,119319
2026-11-02 01:00:00,0,86876,61194
2026-11-02 07:00:00,0,73362,77302
2026-11-02 13:00:00,0,69501,82254
2026-11-02 19:00:00,0,71431,119319
2026-11-03 01:00:00,0,86876,61194
2026-11-03 07:00:00,0,73362,77302
2026-11-03 13:00:00,0,69501,82338
2026-11-03 19:00:00,0,71431,119319
2026-11-04 01:00:00,0,86876,61194
2026-11-04 07:00:00,0,43438,77302
2026-11-04 13:00:00,0,16892,82274
2026-11-04 19:00:00,0,61296,119319
2026-11-05 01:00:00,0,86876,61194
2026-11-05 07:00:00,0,43438,77302
2026-11-05 13:00:00,0,16892,82273
2026-11-05 19:00:00,0,61296,119319
2026-11-06 01:00:00,0,86876,61194
2026-11-06 07:00:00,0,43438,77332
2026-11-06 13:00:00,0,16892,82288
2026-11-06 19:00:00,0,61296,119319
2026-11-07 01:00:00,0,86876,61194
2026-11-07 07:00:00,0,43438,77302
2026-11-07 13:00:00,0,16892,82278
2026-11-07 19:00:00,0,61296,119319
2026-11-08 01:00:00,0,86876,61194
2026-11-08 07:00:00,0,43438,77302
2026-11-08 13:00:00,0,16892,82260
2026-11-08 19:00:00,0,61296,119319
2026-11-09 01:00:00,0,86876,61194
2026-11-09 07:00:00,0,73362,77302
2026-11-09 13:00:00,0,69501,82400
2026-11-09 19:00:00,0,71431,119319
2026-11-10 01:00:00,0,86876,61194
2026-11-10 07:00:00,0,73362,77302
2026-11-10 13:00:00,0,69501,82323
2026-11-10 19:00:00,0,71431,119319
2026-11-11 01:00:00,0,86876,61194
2026-11-11 07:00:00,0,43438,77302
2026-11-11 13:00:00,0,16892,82360
2026-11-11 19:00:00,0,61296,119319
2026-11-12 01:00:00,0,86876,61194
2026-11-12 07:00:00,0,43438,77302
2026-11-12 13:00:00,0,16892,82366
2026-11-12 19:00:00,0,61296,119319
2026-11-13 01:00:00,0,86876,61194
2026-11-13 07:00:00,0,43438,77302
2026-11-13 13:00:00,0,16892,82304
2026-11-13 19:00:00,0,61296,119319
2026-11-14 01:00:00,0,86876,61194
2026-11-14 07:00:00,0,43438,77302
2026-11-14 13:00:00,0,16892,82350
2026-11-14 19:00:00,0,61296,119319
2026-11-15 01:00:00,0,86876,61194
2026-11-15 07:00:00,0,43438,77302
2026-11-15 13:00:00,0,16892,82845
2026-11-15 19:00:00,0,61296,119319
2026-11-16 01:00:00,0,86876,61194
2026-11-16 07:00:00,0,73362,77302
2026-11-16 13:00:00,0,69501,82455
2026-11-16 19:00:00,0,71431,119319
2026-11-17 01:00:00,0,86876,61194
2026-11-17 07:00:00,0,73362,77302
2026-11-17 13:00:00,0,69501,82330
2026-11-17 19:00:00,0,71431,119319
2026-11-18 01:00:00,0,86876,61194
2026-11-18 07:00:00,0,43438,77302
2026-11-18 13:00:00,0,16892,82329
2026-11-18 19:00:00,0,61296,119319
2026-11-19 01:00:00,0,86876,61194
2026-11-19 07:00:00,0,43438,77302
2026-11-19 13:00:00,0,16892,82352
2026-11-19 19:00:00,0,61296,119319
2026-11-20 01:00:00,0,86876,61194
2026-11-20 07:00:00,0,43438,77302
2026-11-20 13:00:00,0,16892,82360
2026-11-20 19:00:00,0,61296,119319
2026-11-21 01:00:00,0,86876,61194
2026-11-21 07:00:00,0,43438,77302
2026-11-21 13:00:00,0,16892,82324
2026-11-21 19:00:00,0,61296,119319
2026-11-22 01:00:00,0,86876,61194
2026-11-22 07:00:00,0,43438,78155
2026-11-22 13:00:00,0,16892,82376
2026-11-22 19:00:00,0,61296,119319
2026-11-23 01:00:00,0,86876,61194
2026-11-23 07:00:00,0,73362,77302
2026-11-23 13:00:00,0,69501,82424
2026-11-23 19:00:00,0,71431,119319
2026-11-24 01:00:00,0,86876,61194
2026-11-24 07:00:00,0,73362,77302
2026-11-24 13:00:00,0,69501,82343
2026-11-24 19:00:00,0,71431,119319
2026-11-25 01:00:00,0,86876,61194
2026-11-25 07:00:00,0,43438,77302
2026-11-25 13:00:00,0,16892,82457
2026-11-25 19:00:00,0,61296,119319
2026-11-26 01:00:00,0,86876,61194
2026-11-26 07:00:00,0,43438,77302
2026-11-26 13:00:00,0,16892,82304
2026-11-26 19:00:00,0,61296,119319
2026-11-27 01:00:00,0,86876,61194
2026-11-27 07:00:00,0,43438,77302
2026-11-27 13:00:00,0,16892,82384
2026-11-27 19:00:00,0,61296,119319
2026-11-28 01:00:00,0,86876,61194
2026-11-28 07:00:00,0,43438,77302
2026-11-28 13:00:00,0,16892,82455
2026-11-28 19:00:00,0,61296,119319
2026-11-29 01:00:00,0,86876,61194
2026-11-29 07:00:00,0,43438,77302
2026-11-29 13:00:00,0,16892,82396
2026-11-29 19:00:00,0,61296,119319
2026-11-30 01:00:00,0,86876,61194
2026-11-30 07:00:00,0,73362,77302
2026-11-30 13:00:00,0,69501,82447
2026-11-30 19:00:00,0,71431,119319
2026-12-01 01:00:00,0,86876,61194
2026-12-01 07:00:00,0,73362,77307
2026-12-01 13:00:00,0,69501,82511
2026-12-01 19:00:00,0,71431,119319
2026-12-02 01:00:00,0,86876,61194
2026-12-02 07:00:00,0,43438,77302
2026-12-02 13:00:00,0,16892,82349
2026-12-02 19:00:00,0,61296,119319
2026-12-03 01:00:00,0,86876,61194
2026-12-03 07:00:00,0,43438,77302
2026-12-03 13:00:00,0,16892,82411
2026-12-03 19:00:00,0,61296,119319
2026-12-04 01:00:00,0,86876,61194
2026-12-04 07:00:00,0,43438,77302
2026-12-04 13:00:00,0,16892,82440
2026-12-04 19:00:00,0,61296,119319
2026-12-05 01:00:00,0,86876,61194
2026-12-05 07:00:00,0,43438,77302
2026-12-05 13:00:00,0,16892,82359
2026-12-05 19:00:00,0,61296,119319
2026-12-06 01:00:00,0,86876,61194
2026-12-06 07:00:00,0,43778,77302
2026-12-06 13:00:00,0,16892,82367
2026-12-06 19:00:00,0,61296,119319
2026-12-07 01:00:00,0,86876,61194
2026-12-07 07:00:00,0,76893,78940
2026-12-07 13:00:00,0,69501,82366
2026-12-07 19:00:00,0,71431,119319
2026-12-08 01:00:00,0,86876,61194
2026-12-08 07:00:00,0,76769,78940
2026-12-08 13:00:00,0,69501,82373
2026-12-08 19:00:00,0,71431,119319
2026-12-09 01:00:00,0,86876,61194
2026-12-09 07:00:00,0,47890,78940
2026-12-09 13:00:00,0,16892,82368
2026-12-09 19:00:00,0,61296,119319
2026-12-10 01:00:00,0,86876,61194
2026-12-10 07:00:00,0,51000,80577
2026-12-10 13:00:00,0,16892,82360
2026-12-10 19:00:00,0,61296,119319
2026-12-11 01:00:00,0,86876,61194
2026-12-11 07:00:00,0,46997,78954
2026-12-11 13:00:00,0,16892,82487
2026-12-11 19:00:00,0,61296,119319
2026-12-12 01:00:00,0,86876,61194
2026-12-12 07:00:00,0,46978,79015
2026-12-12 13:00:00,0,16892,82366
2026-12-12 19:00:00,0,61296,119319
2026-12-13 01:00:00,0,86876,61194
2026-12-13 07:00:00,0,44390,77565
2026-12-13 13:00:00,0,16892,82532
2026-12-13 19:00:00,0,61296,119319
2026-12-14 01:00:00,0,86876,61194
2026-12-14 07:00:00,0,81605,80577
2026-12-14 13:00:00,0,69501,82355
2026-12-14 19:00:00,0,71431,119319
2026-12-15 01:00:00,0,86876,61194
2026-12-15 07:00:00,0,73362,78232
2026-12-15 13:00:00,0,69501,82370
2026-12-15 19:00:00,0,71431,119319
2026-12-16 01:00:00,0,86876,61194
2026-12-16 07:00:00,0,44017,77302
2026-12-16 13:00:00,0,16892,82378
2026-12-16 19:00:00,0,61296,119319
2026-12-17 01:00:00,0,86876,61194
2026-12-17 07:00:00,0,43934,77302
2026-12-17 13:00:00,0,16892,82406
2026-12-17 19:00:00,0,61296,119319
2026-12-18 01:00:00,0,86876,61194
2026-12-18 07:00:00,0,43578,77302
2026-12-18 13:00:00,0,16892,82340
2026-12-18 19:00:00,0,61296,119319
2026-12-19 01:00:00,0,86876,61194
2026-12-19 07:00:00,0,43438,77307
2026-12-19 13:00:00,0,16892,82459
2026-12-19 19:00:00,0,61296,119319
2026-12-20 01:00:00,0,86876,61194
2026-12-20 07:00:00,0,43438,77480
2026-12-20 13:00:00,0,16892,82328
2026-12-20 19:00:00,0,61296,119319
2026-12-21 01:00:00,0,86876,61194
2026-12-21 07:00:00,0,77248,78943
2026-12-21 13:00:00,0,69501,82470
2026-12-21 19:00:00,0,71431,119319
2026-12-22 01:00:00,0,86876,61194
2026-12-22 07:00:00,0,80485,80577
2026-12-22 13:00:00,0,69501,82338
2026-12-22 19:00:00,0,71431,119319
2026-12-23 01:00:00,0,86876,61194
2026-12-23 07:00:00,0,51962,80577
2026-12-23 13:00:00,0,16892,82390
2026-12-23 19:00:00,0,61296,119319
2026-12-24 01:00:00,0,86876,61194
2026-12-24 07:00:00,0,67537,83852
2026-12-24 13:00:00,0,18795,82347
2026-12-24 19:00:00,0,64484,119319
2026-12-25 01:00:00,0,86876,61194
2026-12-25 07:00:00,0,79474,83852
2026-12-25 13:00:00,0,24233,84637
2026-12-25 19:00:00,0,77723,122887
2026-12-26 01:00:00,0,86876,61194
2026-12-26 07:00:00,0,107478,87127
2026-12-26 13:00:00,0,26205,84719
2026-12-26 19:00:00,0,77235,119319
2026-12-27 01:00:00,0,86876,99334
2026-12-27 07:00:00,,,
2026-12-27 13:00:00,,,
2026-12-27 19:00:00,,,
2026-12-28 01:00:00,,,
2026-12-28 07:00:00,,,
2026-12-28 13:00:00,,,
2026-12-28 19:00:00,,,
2026-12-29 01:00:00,,,
2026-12-29 07:00:00,,,
2026-12-29 13:00:00,,,
2026-12-29 19:00:00,,,
2026-12-30 01:00:00,,,
2026-12-30 07:00:00,,,
2026-12-30 13:00:00,,,
2026-12-30 19:00:00,,,