"Time","simulation_actions.mean { name: A_Shade_Flat2_Z1_W2 }","simulation_actions.mean { name: A_Shade_Flat2_Z1_W8 }","simulation_actions.mean { name: A_Shade_Flat2_Z1_W9 }","simulation_actions.mean { name: A_Shade_Flat2_Z2_W2 }","simulation_actions.mean { name: A_Shade_Flat2_Z2_W3 }","simulation_actions.mean { name: A_Shade_Flat2_Z4_W2 }","simulation_actions.mean { name: A_Shade_Stair_Z1_W2 }","simulation_actions.mean { name: A_Shade_Stair_Z1_W3 }","simulation_actions.mean { name: A_Shade_Stair_Z1_W4 }"
2025-12-26 13:00:00,,,,,,,,,
2025-12-26 19:00:00,,,,,,,,,
2025-12-27 01:00:00,,,,,,,,,
2025-12-27 07:00:00,,,,,,,,,
2025-12-27 13:00:00,,,,,,,,,
2025-12-27 19:00:00,,,,,,,,,
2025-12-28 01:00:00,,,,,,,,,
2025-12-28 07:00:00,,,,,,,,,
2025-12-28 13:00:00,,,,,,,,,
2025-12-28 19:00:00,,,,,,,,,
2025-12-29 01:00:00,,,,,,,,,
2025-12-29 07:00:00,,,,,,,,,
2025-12-29 13:00:00,,,,,,,,,
2025-12-29 19:00:00,,,,,,,,,
2025-12-30 01:00:00,,,,,,,,,
2025-12-30 07:00:00,,,,,,,,,
2025-12-30 13:00:00,,,,,,,,,
2025-12-30 19:00:00,,,,,,,,,
2025-12-31 01:00:00,,,,,,,,,
2025-12-31 07:00:00,,,,,,,,,
2025-12-31 13:00:00,,,,,,,,,
2025-12-31 19:00:00,,,,,,,,,
2026-01-01 01:00:00,,,,,,,,,
2026-01-01 07:00:00,,,,,,,,,
2026-01-01 13:00:00,,,,,,,,,
2026-01-01 19:00:00,,,,,,,,,
2026-01-02 01:00:00,,,,,,,,,
2026-01-02 07:00:00,,,,,,,,,
2026-01-02 13:00:00,,,,,,,,,
2026-01-02 19:00:00,,,,,,,,,
2026-01-03 01:00:00,,,,,,,,,
2026-01-03 07:00:00,,,,,,,,,
2026-01-03 13:00:00,,,,,,,,,
2026-01-03 19:00:00,,,,,,,,,
2026-01-04 01:00:00,0,0,0,0,0,0,0,0,0
2026-01-04 07:00:00,4.03,4.03,4.03,4.03,4.03,4.03,4.03,4.03,4.03
2026-01-04 13:00:00,3.75,3.75,3.75,3.75,3.75,3.75,3.75,3.75,3.75
2026-01-04 19:00:00,0,0,0,0,0,0,0,0,0
2026-01-05 01:00:00,0,0,0,0,0,0,0,0,0
2026-01-05 07:00:00,2.22,2.22,2.22,2.22,2.22,2.22,2.22,2.22,2.22
2026-01-05 13:00:00,0.972,0.972,0.972,0.972,0.972,0.972,0.972,0.972,0.972
2026-01-05 19:00:00,0,0,0,0,0,0,0,0,0
2026-01-06 01:00:00,0,0,0,0,0,0,0,0,0
2026-01-06 07:00:00,3.89,3.89,3.89,3.89,3.89,3.89,3.89,3.89,3.89
2026-01-06 13:00:00,3.75,3.75,3.75,3.75,3.75,3.75,3.75,3.75,3.75
2026-01-06 19:00:00,0,0,0,0,0,0,0,0,0
2026-01-07 01:00:00,0,0,0,0,0,0,0,0,0
2026-01-07 07:00:00,3.89,3.89,3.89,3.89,3.89,3.89,3.89,3.89,3.89
2026-01-07 13:00:00,3.75,3.75,3.75,3.75,3.75,3.75,3.75,3.75,3.75
2026-01-07 19:00:00,0,0,0,0,0,0,0,0,0
2026-01-08 01:00:00,0,0,0,0,0,0,0,0,0
2026-01-08 07:00:00,2.22,2.22,2.22,2.22,2.22,2.22,2.22,2.22,2.22
2026-01-08 13:00:00,1.67,1.67,1.67,1.67,1.67,1.67,1.67,1.67,1.67
2026-01-08 19:00:00,0,0,0,0,0,0,0,0,0
2026-01-09 01:00:00,0,0,0,0,0,0,0,0,0
2026-01-09 07:00:00,2.08,2.08,2.08,2.08,2.08,2.08,2.08,2.08,2.08
2026-01-09 13:00:00,3.75,3.75,3.75,3.75,3.75,3.75,3.75,3.75,3.75
2026-01-09 19:00:00,0,0,0,0,0,0,0,0,0
2026-01-10 01:00:00,0,0,0,0,0,0,0,0,0
2026-01-10 07:00:00,4.03,4.03,4.03,4.03,4.03,4.03,4.03,4.03,4.03
2026-01-10 13:00:00,3.61,3.61,3.61,3.61,3.61,3.61,3.61,3.61,3.61
2026-01-10 19:00:00,0,0,0,0,0,0,0,0,0
2026-01-11 01:00:00,0,0,0,0,0,0,0,0,0
2026-01-11 07:00:00,4.03,4.03,4.03,4.03,4.03,4.03,4.03,4.03,4.03
2026-01-11 13:00:00,3.75,3.75,3.75,3.75,3.75,3.75,3.75,3.75,3.75
2026-01-11 19:00:00,0,0,0,0,0,0,0,0,0
2026-01-12 01:00:00,0,0,0,0,0,0,0,0,0
2026-01-12 07:00:00,4.03,4.03,4.03,4.03,4.03,4.03,4.03,4.03,4.03
2026-01-12 13:00:00,3.75,3.75,3.75,3.75,3.75,3.75,3.75,3.75,3.75
2026-01-12 19:00:00,0,0,0,0,0,0,0,0,0
2026-01-13 01:00:00,0,0,0,0,0,0,0,0,0
2026-01-13 07:00:00,3.75,3.75,3.75,3.75,3.75,3.75,3.75,3.75,3.75
2026-01-13 13:00:00,3.75,3.75,3.75,3.75,3.75,3.75,3.75,3.75,3.75
2026-01-13 19:00:00,0,0,0,0,0,0,0,0,0
2026-01-14 01:00:00,0,0,0,0,0,0,0,0,0
2026-01-14 07:00:00,1.94,1.94,1.94,1.94,1.94,1.94,1.94,1.94,1.94
2026-01-14 13:00:00,0.556,0.556,0.556,0.556,0.556,0.556,0.556,0.556,0.556
2026-01-14 19:00:00,0,0,0,0,0,0,0,0,0
2026-01-15 01:00:00,0,0,0,0,0,0,0,0,0
2026-01-15 07:00:00,1.11,1.11,1.11,1.11,1.11,1.11,1.11,1.11,1.11
2026-01-15 13:00:00,1.67,1.67,1.67,1.67,1.67,1.67,1.67,1.67,1.67
2026-01-15 19:00:00,0,0,0,0,0,0,0,0,0
2026-01-16 01:00:00,0,0,0,0,0,0,0,0,0
2026-01-16 07:00:00,0,0,0,0,0,0,0,0,0
2026-01-16 13:00:00,2.78,2.78,2.78,2.78,2.78,2.78,2.78,2.78,2.78
2026-01-16 19:00:00,0,0,0,0,0,0,0,0,0
2026-01-17 01:00:00,0,0,0,0,0,0,0,0,0
2026-01-17 07:00:00,4.03,4.03,4.03,4.03,4.03,4.03,4.03,4.03,4.03
2026-01-17 13:00:00,3.75,3.75,3.75,3.75,3.75,3.75,3.75,3.75,3.75
2026-01-17 19:00:00,0,0,0,0,0,0,0,0,0
2026-01-18 01:00:00,0,0,0,0,0,0,0,0,0
2026-01-18 07:00:00,4.03,4.03,4.03,4.03,4.03,4.03,4.03,4.03,4.03
2026-01-18 13:00:00,3.75,3.75,3.75,3.75,3.75,3.75,3.75,3.75,3.75
2026-01-18 19:00:00,0,0,0,0,0,0,0,0,0
2026-01-19 01:00:00,0,0,0,0,0,0,0,0,0
2026-01-19 07:00:00,3.89,3.89,3.89,3.89,3.89,3.89,3.89,3.89,3.89
2026-01-19 13:00:00,3.75,3.75,3.75,3.75,3.75,3.75,3.75,3.75,3.75
2026-01-19 19:00:00,0,0,0,0,0,0,0,0,0
2026-01-20 01:00:00,0,0,0,0,0,0,0,0,0
2026-01-20 07:00:00,0,0,0,0,0,0,0,0,0
2026-01-20 13:00:00,0,0,0,0,0,0,0,0,0
2026-01-20 19:00:00,0,0,0,0,0,0,0,0,0
2026-01-21 01:00:00,0,0,0,0,0,0,0,0,0
2026-01-21 07:00:00,0.139,0.139,0.139,0.139,0.139,0.139,0.139,0.139,0.139
2026-01-21 13:00:00,2.78,2.78,2.78,2.78,2.78,2.78,2.78,2.78,2.78
2026-01-21 19:00:00,0,0,0,0,0,0,0,0,0
2026-01-22 01:00:00,0,0,0,0,0,0,0,0,0
2026-01-22 07:00:00,0,0,0,0,0,0,0,0,0
2026-01-22 13:00:00,0,0,0,0,0,0,0,0,0
2026-01-22 19:00:00,0,0,0,0,0,0,0,0,0
2026-01-23 01:00:00,0,0,0,0,0,0,0,0,0
2026-01-23 07:00:00,2.92,2.92,2.92,2.92,2.92,2.92,2.92,2.92,2.92
2026-01-23 13:00:00,2.08,2.08,2.08,2.08,2.08,2.08,2.08,2.08,2.08
2026-01-23 19:00:00,0,0,0,0,0,0,0,0,0
2026-01-24 01:00:00,0,0,0,0,0,0,0,0,0
2026-01-24 07:00:00,4.03,4.03,4.03,4.03,4.03,4.03,4.03,4.03,4.03
2026-01-24 13:00:00,4.44,4.44,4.44,4.44,4.44,4.44,4.44,4.44,4.44
2026-01-24 19:00:00,0,0,0,0,0,0,0,0,0
2026-01-25 01:00:00,0,0,0,0,0,0,0,0,0
2026-01-25 07:00:00,4.03,4.03,4.03,4.03,4.03,4.03,4.03,4.03,4.03
2026-01-25 13:00:00,4.31,4.31,4.31,4.31,4.31,4.31,4.31,4.31,4.31
2026-01-25 19:00:00,0,0,0,0,0,0,0,0,0
2026-01-26 01:00:00,0,0,0,0,0,0,0,0,0
2026-01-26 07:00:00,4.03,4.03,4.03,4.03,4.03,4.03,4.03,4.03,4.03
2026-01-26 13:00:00,4.44,4.44,4.44,4.44,4.44,4.44,4.44,4.44,4.44
2026-01-26 19:00:00,0,0,0,0,0,0,0,0,0
2026-01-27 01:00:00,0,0,0,0,0,0,0,0,0
2026-01-27 07:00:00,0,0,0,0,0,0,0,0,0
2026-01-27 13:00:00,0,0,0,0,0,0,0,0,0
2026-01-27 19:00:00,0,0,0,0,0,0,0,0,0
2026-01-28 01:00:00,0,0,0,0,0,0,0,0,0
2026-01-28 07:00:00,4.03,4.03,4.03,4.03,4.03,4.03,4.03,4.03,4.03
2026-01-28 13:00:00,4.44,4.44,4.44,4.44,4.44,4.44,4.44,4.44,4.44
2026-01-28 19:00:00,0,0,0,0,0,0,0,0,0
2026-01-29 01:00:00,0,0,0,0,0,0,0,0,0
2026-01-29 07:00:00,0.278,0.278,0.278,0.278,0.278,0.278,0.278,0.278,0.278
2026-01-29 13:00:00,3.75,3.75,3.75,3.75,3.75,3.75,3.75,3.75,3.75
2026-01-29 19:00:00,0,0,0,0,0,0,0,0,0
2026-01-30 01:00:00,0,0,0,0,0,0,0,0,0
2026-01-30 07:00:00,0.417,0.417,0.417,0.417,0.417,0.417,0.417,0.417,0.417
2026-01-30 13:00:00,3.33,3.33,3.33,3.33,3.33,3.33,3.33,3.33,3.33
2026-01-30 19:00:00,0,0,0,0,0,0,0,0,0
2026-01-31 01:00:00,0,0,0,0,0,0,0,0,0
2026-01-31 07:00:00,0.972,0.972,0.972,0.972,0.972,0.972,0.972,0.972,0.972
2026-01-31 13:00:00,2.22,2.22,2.22,2.22,2.22,2.22,2.22,2.22,2.22
2026-01-31 19:00:00,0,0,0,0,0,0,0,0,0
2026-02-01 01:00:00,0,0,0,0,0,0,0,0,0
2026-02-01 07:00:00,3.19,3.19,3.19,3.19,3.19,3.19,3.19,3.19,3.19
2026-02-01 13:00:00,0,0,0,0,0,0,0,0,0
2026-02-01 19:00:00,0,0,0,0,0,0,0,0,0
2026-02-02 01:00:00,0,0,0,0,0,0,0,0,0
2026-02-02 07:00:00,1.81,1.81,1.81,1.81,1.81,1.81,1.81,1.81,1.81
2026-02-02 13:00:00,1.94,1.94,1.94,1.94,1.94,1.94,1.94,1.94,1.94
2026-02-02 19:00:00,0,0,0,0,0,0,0,0,0
2026-02-03 01:00:00,0,0,0,0,0,0,0,0,0
2026-02-03 07:00:00,0,0,0,0,0,0,0,0,0
2026-02-03 13:00:00,1.67,1.67,1.67,1.67,1.67,1.67,1.67,1.67,1.67
2026-02-03 19:00:00,0,0,0,0,0,0,0,0,0
2026-02-04 01:00:00,0,0,0,0,0,0,0,0,0
2026-02-04 07:00:00,3.61,3.61,3.61,3.61,3.61,3.61,3.61,3.61,3.61
2026-02-04 13:00:00,4.17,4.17,4.17,4.17,4.17,4.17,4.17,4.17,4.17
2026-02-04 19:00:00,0,0,0,0,0,0,0,0,0
2026-02-05 01:00:00,0,0,0,0,0,0,0,0,0
2026-02-05 07:00:00,1.94,1.94,1.94,1.94,1.94,1.94,1.94,1.94,1.94
2026-02-05 13:00:00,4.17,4.17,4.17,4.17,4.17,4.17,4.17,4.17,4.17
2026-02-05 19:00:00,0,0,0,0,0,0,0,0,0
2026-02-06 01:00:00,0,0,0,0,0,0,0,0,0
2026-02-06 07:00:00,3.89,3.89,3.89,3.89,3.89,3.89,3.89,3.89,3.89
2026-02-06 13:00:00,4.31,4.31,4.31,4.31,4.31,4.31,4.31,4.31,4.31
2026-02-06 19:00:00,0,0,0,0,0,0,0,0,0
2026-02-07 01:00:00,0,0,0,0,0,0,0,0,0
2026-02-07 07:00:00,3.89,3.89,3.89,3.89,3.89,3.89,3.89,3.89,3.89
2026-02-07 13:00:00,4.17,4.17,4.17,4.17,4.17,4.17,4.17,4.17,4.17
2026-02-07 19:00:00,0,0,0,0,0,0,0,0,0
2026-02-08 01:00:00,0,0,0,0,0,0,0,0,0
2026-02-08 07:00:00,3.61,3.61,3.61,3.61,3.61,3.61,3.61,3.61,3.61
2026-02-08 13:00:00,4.31,4.31,4.31,4.31,4.31,4.31,4.31,4.31,4.31
2026-02-08 19:00:00,0,0,0,0,0,0,0,0,0
2026-02-09 01:00:00,0,0,0,0,0,0,0,0,0
2026-02-09 07:00:00,3.89,3.89,3.89,3.89,3.89,3.89,3.89,3.89,3.89
2026-02-09 13:00:00,4.31,4.31,4.31,4.31,4.31,4.31,4.31,4.31,4.31
2026-02-09 19:00:00,0,0,0,0,0,0,0,0,0
2026-02-10 01:00:00,0,0,0,0,0,0,0,0,0
2026-02-10 07:00:00,3.75,3.75,3.75,3.75,3.75,3.75,3.75,3.75,3.75
2026-02-10 13:00:00,4.31,4.31,4.31,4.31,4.31,4.31,4.31,4.31,4.31
2026-02-10 19:00:00,0,0,0,0,0,0,0,0,0
2026-02-11 01:00:00,0,0,0,0,0,0,0,0,0
2026-02-11 07:00:00,2.64,2.64,2.64,2.64,2.64,2.64,2.64,2.64,2.64
2026-02-11 13:00:00,3.47,3.47,3.47,3.47,3.47,3.47,3.47,3.47,3.47
2026-02-11 19:00:00,0,0,0,0,0,0,0,0,0
2026-02-12 01:00:00,0,0,0,0,0,0,0,0,0
2026-02-12 07:00:00,3.89,3.89,3.89,3.89,3.89,3.89,3.89,3.89,3.89
2026-02-12 13:00:00,4.44,4.44,4.44,4.44,4.44,4.44,4.44,4.44,4.44
2026-02-12 19:00:00,0,0,0,0,0,0,0,0,0
2026-02-13 01:00:00,0,0,0,0,0,0,0,0,0
2026-02-13 07:00:00,2.64,2.64,2.64,2.64,2.64,2.64,2.64,2.64,2.64
2026-02-13 13:00:00,4.44,4.44,4.44,4.44,4.44,4.44,4.44,4.44,4.44
2026-02-13 19:00:00,0,0,0,0,0,0,0,0,0
2026-02-14 01:00:00,0,0,0,0,0,0,0,0,0
2026-02-14 07:00:00,2.92,2.92,2.92,2.92,2.92,2.92,2.92,2.92,2.92
2026-02-14 13:00:00,4.58,4.58,4.58,4.58,4.58,4.58,4.58,4.58,4.58
2026-02-14 19:00:00,0,0,0,0,0,0,0,0,0
2026-02-15 01:00:00,0,0,0,0,0,0,0,0,0
2026-02-15 07:00:00,4.03,4.03,4.03,4.03,4.03,4.03,4.03,4.03,4.03
2026-02-15 13:00:00,4.44,4.44,4.44,4.44,4.44,4.44,4.44,4.44,4.44
2026-02-15 19:00:00,0,0,0,0,0,0,0,0,0
2026-02-16 01:00:00,0,0,0,0,0,0,0,0,0
2026-02-16 07:00:00,2.22,2.22,2.22,2.22,2.22,2.22,2.22,2.22,2.22
2026-02-16 13:00:00,2.92,2.92,2.92,2.92,2.92,2.92,2.92,2.92,2.92
2026-02-16 19:00:00,0,0,0,0,0,0,0,0,0
2026-02-17 01:00:00,0,0,0,0,0,0,0,0,0
2026-02-17 07:00:00,0,0,0,0,0,0,0,0,0
2026-02-17 13:00:00,0,0,0,0,0,0,0,0,0
2026-02-17 19:00:00,0,0,0,0,0,0,0,0,0
2026-02-18 01:00:00,0,0,0,0,0,0,0,0,0
2026-02-18 07:00:00,1.81,1.81,1.81,1.81,1.81,1.81,1.81,1.81,1.81
2026-02-18 13:00:00,2.22,2.22,2.22,2.22,2.22,2.22,2.22,2.22,2.22
2026-02-18 19:00:00,0,0,0,0,0,0,0,0,0
2026-02-19 01:00:00,0,0,0,0,0,0,0,0,0
2026-02-19 07:00:00,4.17,4.17,4.17,4.17,4.17,4.17,4.17,4.17,4.17
2026-02-19 13:00:00,4.58,4.58,4.58,4.58,4.58,4.58,4.58,4.58,4.58
2026-02-19 19:00:00,0,0,0,0,0,0,0,0,0
2026-02-20 01:00:00,0,0,0,0,0,0,0,0,0
2026-02-20 07:00:00,3.61,3.61,3.61,3.61,3.61,3.61,3.61,3.61,3.61
2026-02-20 13:00:00,4.58,4.58,4.58,4.58,4.58,4.58,4.58,4.58,4.58
2026-02-20 19:00:00,0,0,0,0,0,0,0,0,0
2026-02-21 01:00:00,0,0,0,0,0,0,0,0,0
2026-02-21 07:00:00,2.64,2.64,2.64,2.64,2.64,2.64,2.64,2.64,2.64
2026-02-21 13:00:00,3.89,3.89,3.89,3.89,3.89,3.89,3.89,3.89,3.89
2026-02-21 19:00:00,0,0,0,0,0,0,0,0,0
2026-02-22 01:00:00,0,0,0,0,0,0,0,0,0
2026-02-22 07:00:00,1.11,1.11,1.11,1.11,1.11,1.11,1.11,1.11,1.11
2026-02-22 13:00:00,4.44,4.44,4.44,4.44,4.44,4.44,4.44,4.44,4.44
2026-02-22 19:00:00,0,0,0,0,0,0,0,0,0
2026-02-23 01:00:00,0,0,0,0,0,0,0,0,0
2026-02-23 07:00:00,0.694,0.694,0.694,0.694,0.694,0.694,0.694,0.694,0.694
2026-02-23 13:00:00,4.44,4.44,4.44,4.44,4.44,4.44,4.44,4.44,4.44
2026-02-23 19:00:00,0,0,0,0,0,0,0,0,0
2026-02-24 01:00:00,0,0,0,0,0,0,0,0,0
2026-02-24 07:00:00,0,0,0,0,0,0,0,0,0
2026-02-24 13:00:00,0,0,0,0,0,0,0,0,0
2026-02-24 19:00:00,0,0,0,0,0,0,0,0,0
2026-02-25 01:00:00,0,0,0,0,0,0,0,0,0
2026-02-25 07:00:00,3.89,3.89,3.89,3.89,3.89,3.89,3.89,3.89,3.89
2026-02-25 13:00:00,4.31,4.31,4.31,4.31,4.31,4.31,4.31,4.31,4.31
2026-02-25 19:00:00,0,0,0,0,0,0,0,0,0
2026-02-26 01:00:00,0,0,0,0,0,0,0,0,0
2026-02-26 07:00:00,4.03,4.03,4.03,4.03,4.03,4.03,4.03,4.03,4.03
2026-02-26 13:00:00,4.44,4.44,4.44,4.44,4.44,4.44,4.44,4.44,4.44
2026-02-26 19:00:00,0,0,0,0,0,0,0,0,0
2026-02-27 01:00:00,0,0,0,0,0,0,0,0,0
2026-02-27 07:00:00,1.53,1.53,1.53,1.53,1.53,1.53,1.53,1.53,1.53
2026-02-27 13:00:00,4.44,4.44,4.44,4.44,4.44,4.44,4.44,4.44,4.44
2026-02-27 19:00:00,0,0,0,0,0,0,0,0,0
2026-02-28 01:00:00,0,0,0,0,0,0,0,0,0
2026-02-28 07:00:00,3.89,3.89,3.89,3.89,3.89,3.89,3.89,3.89,3.89
2026-02-28 13:00:00,4.44,4.44,4.44,4.44,4.44,4.44,4.44,4.44,4.44
2026-02-28 19:00:00,0,0,0,0,0,0,0,0,0
2026-03-01 01:00:00,0,0,0,0,0,0,0,0,0
2026-03-01 07:00:00,1.94,1.94,1.94,1.94,1.94,1.94,1.94,1.94,1.94
2026-03-01 13:00:00,4.44,4.44,4.44,4.44,4.44,4.44,4.44,4.44,4.44
2026-03-01 19:00:00,0,0,0,0,0,0,0,0,0
2026-03-02 01:00:00,0,0,0,0,0,0,0,0,0
2026-03-02 07:00:00,3.47,3.47,3.47,3.47,3.47,3.47,3.47,3.47,3.47
2026-03-02 13:00:00,1.53,1.53,1.53,1.53,1.53,1.53,1.53,1.53,1.53
2026-03-02 19:00:00,0,0,0,0,0,0,0,0,0
2026-03-03 01:00:00,0,0,0,0,0,0,0,0,0
2026-03-03 07:00:00,4.17,4.17,4.17,4.17,4.17,4.17,4.17,4.17,4.17
2026-03-03 13:00:00,4.58,4.58,4.58,4.58,4.58,4.58,4.58,4.58,4.58
2026-03-03 19:00:00,0,0,0,0,0,0,0,0,0
2026-03-04 01:00:00,0,0,0,0,0,0,0,0,0
2026-03-04 07:00:00,2.50,2.50,2.50,2.50,2.50,2.50,2.50,2.50,2.50
2026-03-04 13:00:00,3.33,3.33,3.33,3.33,3.33,3.33,3.33,3.33,3.33
2026-03-04 19:00:00,0,0,0,0,0,0,0,0,0
2026-03-05 01:00:00,0,0,0,0,0,0,0,0,0
2026-03-05 07:00:00,4.03,4.03,4.03,4.03,4.03,4.03,4.03,4.03,4.03
2026-03-05 13:00:00,0.278,0.278,0.278,0.278,0.278,0.278,0.278,0.278,0.278
2026-03-05 19:00:00,0,0,0,0,0,0,0,0,0
2026-03-06 01:00:00,0,0,0,0,0,0,0,0,0
2026-03-06 07:00:00,4.03,4.03,4.03,4.03,4.03,4.03,4.03,4.03,4.03
2026-03-06 13:00:00,4.44,4.44,4.44,4.44,4.44,4.44,4.44,4.44,4.44
2026-03-06 19:00:00,0,0,0,0,0,0,0,0,0
2026-03-07 01:00:00,0,0,0,0,0,0,0,0,0
2026-03-07 07:00:00,4.03,4.03,4.03,4.03,4.03,4.03,4.03,4.03,4.03
2026-03-07 13:00:00,4.58,4.58,4.58,4.58,4.58,4.58,4.58,4.58,4.58
2026-03-07 19:00:00,0,0,0,0,0,0,0,0,0
2026-03-08 01:00:00,0,0,0,0,0,0,0,0,0
2026-03-08 07:00:00,4.17,4.17,4.17,4.17,4.17,4.17,4.17,4.17,4.17
2026-03-08 13:00:00,4.58,4.58,4.58,4.58,4.58,4.58,4.58,4.58,4.58
2026-03-08 19:00:00,0,0,0,0,0,0,0,0,0
2026-03-09 01:00:00,0,0,0,0,0,0,0,0,0
2026-03-09 07:00:00,4.17,4.17,4.17,4.17,4.17,4.17,4.17,4.17,4.17
2026-03-09 13:00:00,4.58,4.58,4.58,4.58,4.58,4.58,4.58,4.58,4.58
2026-03-09 19:00:00,0,0,0,0,0,0,0,0,0
2026-03-10 01:00:00,0,0,0,0,0,0,0,0,0
2026-03-10 07:00:00,4.03,4.03,4.03,4.03,4.03,4.03,4.03,4.03,4.03
2026-03-10 13:00:00,4.58,4.58,4.58,4.58,4.58,4.58,4.58,4.58,4.58
2026-03-10 19:00:00,0,0,0,0,0,0,0,0,0
2026-03-11 01:00:00,0,0,0,0,0,0,0,0,0
2026-03-11 07:00:00,4.03,4.03,4.03,4.03,4.03,4.03,4.03,4.03,4.03
2026-03-11 13:00:00,4.58,4.58,4.58,4.58,4.58,4.58,4.58,4.58,4.58
2026-03-11 19:00:00,0,0,0,0,0,0,0,0,0
2026-03-12 01:00:00,0,0,0,0,0,0,0,0,0
2026-03-12 07:00:00,4.17,4.17,4.17,4.17,4.17,4.17,4.17,4.17,4.17
2026-03-12 13:00:00,4.58,4.58,4.58,4.58,4.58,4.58,4.58,4.58,4.58
2026-03-12 19:00:00,0,0,0,0,0,0,0,0,0
2026-03-13 01:00:00,0,0,0,0,0,0,0,0,0
2026-03-13 07:00:00,4.03,4.03,4.03,4.03,4.03,4.03,4.03,4.03,4.03
2026-03-13 13:00:00,4.58,4.58,4.58,4.58,4.58,4.58,4.58,4.58,4.58
2026-03-13 19:00:00,0,0,0,0,0,0,0,0,0
2026-03-14 01:00:00,0,0,0,0,0,0,0,0,0
2026-03-14 07:00:00,2.50,2.50,2.50,2.50,2.50,2.50,2.50,2.50,2.50
2026-03-14 13:00:00,2.92,2.92,2.92,2.92,2.92,2.92,2.92,2.92,2.92
2026-03-14 19:00:00,0,0,0,0,0,0,0,0,0
2026-03-15 01:00:00,0,0,0,0,0,0,0,0,0
2026-03-15 07:00:00,3.89,3.89,3.89,3.89,3.89,3.89,3.89,3.89,3.89
2026-03-15 13:00:00,4.44,4.44,4.44,4.44,4.44,4.44,4.44,4.44,4.44
2026-03-15 19:00:00,0,0,0,0,0,0,0,0,0
2026-03-16 01:00:00,0,0,0,0,0,0,0,0,0
2026-03-16 07:00:00,3.89,3.89,3.89,3.89,3.89,3.89,3.89,3.89,3.89
2026-03-16 13:00:00,4.44,4.44,4.44,4.44,4.44,4.44,4.44,4.44,4.44
2026-03-16 19:00:00,0,0,0,0,0,0,0,0,0
2026-03-17 01:00:00,0,0,0,0,0,0,0,0,0
2026-03-17 07:00:00,4.86,4.86,4.86,4.86,4.86,4.86,4.86,4.86,4.86
2026-03-17 13:00:00,4.58,4.58,4.58,4.58,4.58,4.58,4.58,4.58,4.58
2026-03-17 19:00:00,0,0,0,0,0,0,0,0,0
2026-03-18 01:00:00,0,0,0,0,0,0,0,0,0
2026-03-18 07:00:00,4.44,4.44,4.44,4.44,4.44,4.44,4.44,4.44,4.44
2026-03-18 13:00:00,4.44,4.44,4.44,4.44,4.44,4.44,4.44,4.44,4.44
2026-03-18 19:00:00,0,0,0,0,0,0,0,0,0
2026-03-19 01:00:00,0,0,0,0,0,0,0,0,0
2026-03-19 07:00:00,4.44,4.44,4.44,4.44,4.44,4.44,4.44,4.44,4.44
2026-03-19 13:00:00,4.58,4.58,4.58,4.58,4.58,4.58,4.58,4.58,4.58
2026-03-19 19:00:00,0,0,0,0,0,0,0,0,0
2026-03-20 01:00:00,0,0,0,0,0,0,0,0,0
2026-03-20 07:00:00,4.72,4.72,4.72,4.72,4.72,4.72,4.72,4.72,4.72
2026-03-20 13:00:00,4.44,4.44,4.44,4.44,4.44,4.44,4.44,4.44,4.44
2026-03-20 19:00:00,0,0,0,0,0,0,0,0,0
2026-03-21 01:00:00,0,0,0,0,0,0,0,0,0
2026-03-21 07:00:00,4.86,4.86,4.86,4.86,4.86,4.86,4.86,4.86,4.86
2026-03-21 13:00:00,4.44,4.44,4.44,4.44,4.44,4.44,4.44,4.44,4.44
2026-03-21 19:00:00,0,0,0,0,0,0,0,0,0
2026-03-22 01:00:00,0,0,0,0,0,0,0,0,0
2026-03-22 07:00:00,4.86,4.86,4.86,4.86,4.86,4.86,4.86,4.86,4.86
2026-03-22 13:00:00,4.44,4.44,4.44,4.44,4.44,4.44,4.44,4.44,4.44
2026-03-22 19:00:00,0,0,0,0,0,0,0,0,0
2026-03-23 01:00:00,0,0,0,0,0,0,0,0,0
2026-03-23 07:00:00,4.58,4.58,4.58,4.58,4.58,4.58,4.58,4.58,4.58
2026-03-23 13:00:00,4.44,4.44,4.44,4.44,4.44,4.44,4.44,4.44,4.44
2026-03-23 19:00:00,0,0,0,0,0,0,0,0,0
2026-03-24 01:00:00,0,0,0,0,0,0,0,0,0
2026-03-24 07:00:00,4.58,4.58,4.58,4.58,4.58,4.58,4.58,4.58,4.58
2026-03-24 13:00:00,4.03,4.03,4.03,4.03,4.03,4.03,4.03,4.03,4.03
2026-03-24 19:00:00,0,0,0,0,0,0,0,0,0
2026-03-25 01:00:00,0,0,0,0,0,0,0,0,0
2026-03-25 07:00:00,0,0,0,0,0,0,0,0,0
2026-03-25 13:00:00,0.139,0.139,0.139,0.139,0.139,0.139,0.139,0.139,0.139
2026-03-25 19:00:00,0,0,0,0,0,0,0,0,0
2026-03-26 01:00:00,0,0,0,0,0,0,0,0,0
2026-03-26 07:00:00,4.58,4.58,4.58,4.58,4.58,4.58,4.58,4.58,4.58
2026-03-26 13:00:00,4.31,4.31,4.31,4.31,4.31,4.31,4.31,4.31,4.31
2026-03-26 19:00:00,0,0,0,0,0,0,0,0,0
2026-03-27 01:00:00,0,0,0,0,0,0,0,0,0
2026-03-27 07:00:00,3.89,3.89,3.89,3.89,3.89,3.89,3.89,3.89,3.89
2026-03-27 13:00:00,4.17,4.17,4.17,4.17,4.17,4.17,4.17,4.17,4.17
2026-03-27 19:00:00,0,0,0,0,0,0,0,0,0
2026-03-28 01:00:00,0,0,0,0,0,0,0,0,0
2026-03-28 07:00:00,0,0,0,0,0,0,0,0,0
2026-03-28 13:00:00,0,0,0,0,0,0,0,0,0
2026-03-28 19:00:00,0,0,0,0,0,0,0,0,0
2026-03-29 01:00:00,0,0,0,0,0,0,0,0,0
2026-03-29 08:00:00,1.67,1.67,1.67,1.67,1.67,1.67,1.67,1.67,1.67
2026-03-29 14:00:00,2.92,2.92,2.92,2.92,2.92,2.92,2.92,2.92,2.92
2026-03-29 20:00:00,0,0,0,0,0,0,0,0,0
2026-03-30 02:00:00,0,0,0,0,0,0,0,0,0
2026-03-30 08:00:00,4.03,4.03,4.03,4.03,4.03,4.03,4.03,4.03,4.03
2026-03-30 14:00:00,0,0,0,0,0,0,0,0,0
2026-03-30 20:00:00,0,0,0,0,0,0,0,0,0
2026-03-31 02:00:00,0,0,0,0,0,0,0,0,0
2026-03-31 08:00:00,4.72,4.72,4.72,4.72,4.72,4.72,4.72,4.72,4.72
2026-03-31 14:00:00,5,5,5,5,5,5,5,5,5
2026-03-31 20:00:00,0,0,0,0,0,0,0,0,0
2026-04-01 02:00:00,0,0,0,0,0,0,0,0,0
2026-04-01 08:00:00,4.86,4.86,4.86,4.86,4.86,4.86,4.86,4.86,4.86
2026-04-01 14:00:00,3.89,3.89,3.89,3.89,3.89,3.89,3.89,3.89,3.89
2026-04-01 20:00:00,0,0,0,0,0,0,0,0,0
2026-04-02 02:00:00,0,0,0,0,0,0,0,0,0
2026-04-02 08:00:00,4.86,4.86,4.86,4.86,4.86,4.86,4.86,4.86,4.86
2026-04-02 14:00:00,5,5,5,5,5,5,5,5,5
2026-04-02 20:00:00,0.278,0.278,0.278,0.278,0.278,0.278,0.278,0.278,0.278
2026-04-03 02:00:00,0,0,0,0,0,0,0,0,0
2026-04-03 08:00:00,4.86,4.86,4.86,4.86,4.86,4.86,4.86,4.86,4.86
2026-04-03 14:00:00,5,5,5,5,5,5,5,5,5
2026-04-03 20:00:00,0.139,0.139,0.139,0.139,0.139,0.139,0.139,0.139,0.139
2026-04-04 02:00:00,0,0,0,0,0,0,0,0,0
2026-04-04 08:00:00,4.86,4.86,4.86,4.86,4.86,4.86,4.86,4.86,4.86
2026-04-04 14:00:00,1.94,1.94,1.94,1.94,1.94,1.94,1.94,1.94,1.94
2026-04-04 20:00:00,0,0,0,0,0,0,0,0,0
2026-04-05 02:00:00,0,0,0,0,0,0,0,0,0
2026-04-05 08:00:00,4.86,4.86,4.86,4.86,4.86,4.86,4.86,4.86,4.86
2026-04-05 14:00:00,5,5,5,5,5,5,5,5,5
2026-04-05 20:00:00,0,0,0,0,0,0,0,0,0
2026-04-06 02:00:00,0,0,0,0,0,0,0,0,0
2026-04-06 08:00:00,4.86,4.86,4.86,4.86,4.86,4.86,4.86,4.86,4.86
2026-04-06 14:00:00,3.61,3.61,3.61,3.61,3.61,3.61,3.61,3.61,3.61
2026-04-06 20:00:00,0,0,0,0,0,0,0,0,0
2026-04-07 02:00:00,0,0,0,0,0,0,0,0,0
2026-04-07 08:00:00,1.25,1.25,1.25,1.25,1.25,1.25,1.25,1.25,1.25
2026-04-07 14:00:00,5,5,5,5,5,5,5,5,5
2026-04-07 20:00:00,0,0,0,0,0,0,0,0,0
2026-04-08 02:00:00,0,0,0,0,0,0,0,0,0
2026-04-08 08:00:00,3.47,3.47,3.47,3.47,3.47,3.47,3.47,3.47,3.47
2026-04-08 14:00:00,3.89,3.89,3.89,3.89,3.89,3.89,3.89,3.89,3.89
2026-04-08 20:00:00,0,0,0,0,0,0,0,0,0
2026-04-09 02:00:00,0,0,0,0,0,0,0,0,0
2026-04-09 08:00:00,5,5,5,5,5,5,5,5,5
2026-04-09 14:00:00,5,5,5,5,5,5,5,5,5
2026-04-09 20:00:00,0.278,0.278,0.278,0.278,0.278,0.278,0.278,0.278,0.278
2026-04-10 02:00:00,0,0,0,0,0,0,0,0,0
2026-04-10 08:00:00,4.86,4.86,4.86,4.86,4.86,4.86,4.86,4.86,4.86
2026-04-10 14:00:00,5,5,5,5,5,5,5,5,5
2026-04-10 20:00:00,0.139,0.139,0.139,0.139,0.139,0.139,0.139,0.139,0.139
2026-04-11 02:00:00,0,0,0,0,0,0,0,0,0
2026-04-11 08:00:00,3.33,3.33,3.33,3.33,3.33,3.33,3.33,3.33,3.33
2026-04-11 14:00:00,5,5,5,5,5,5,5,5,5
2026-04-11 20:00:00,0.278,0.278,0.278,0.278,0.278,0.278,0.278,0.278,0.278
2026-04-12 02:00:00,0,0,0,0,0,0,0,0,0
2026-04-12 08:00:00,5,5,5,5,5,5,5,5,5
2026-04-12 14:00:00,5,5,5,5,5,5,5,5,5
2026-04-12 20:00:00,0.278,0.278,0.278,0.278,0.278,0.278,0.278,0.278,0.278
2026-04-13 02:00:00,0,0,0,0,0,0,0,0,0
2026-04-13 08:00:00,4.86,4.86,4.86,4.86,4.86,4.86,4.86,4.86,4.86
2026-04-13 14:00:00,5,5,5,5,5,5,5,5,5
2026-04-13 20:00:00,0.278,0.278,0.278,0.278,0.278,0.278,0.278,0.278,0.278
2026-04-14 02:00:00,0,0,0,0,0,0,0,0,0
2026-04-14 08:00:00,4.86,4.86,4.86,4.86,4.86,4.86,4.86,4.86,4.86
2026-04-14 14:00:00,5,5,5,5,5,5,5,5,5
2026-04-14 20:00:00,0.139,0.139,0.139,0.139,0.139,0.139,0.139,0.139,0.139
2026-04-15 02:00:00,0,0,0,0,0,0,0,0,0
2026-04-15 08:00:00,4.86,4.86,4.86,4.86,4.86,4.86,4.86,4.86,4.86
2026-04-15 14:00:00,5,5,5,5,5,5,5,5,5
2026-04-15 20:00:00,0.139,0.139,0.139,0.139,0.139,0.139,0.139,0.139,0.139
2026-04-16 02:00:00,0,0,0,0,0,0,0,0,0
2026-04-16 08:00:00,4.86,4.86,4.86,4.86,4.86,4.86,4.86,4.86,4.86
2026-04-16 14:00:00,5,5,5,5,5,5,5,5,5
2026-04-16 20:00:00,0,0,0,0,0,0,0,0,0
2026-04-17 02:00:00,0,0,0,0,0,0,0,0,0
2026-04-17 08:00:00,3.61,3.61,3.61,3.61,3.61,3.61,3.61,3.61,3.61
2026-04-17 14:00:00,3.33,3.33,3.33,3.33,3.33,3.33,3.33,3.33,3.33
2026-04-17 20:00:00,0,0,0,0,0,0,0,0,0
2026-04-18 02:00:00,0,0,0,0,0,0,0,0,0
2026-04-18 08:00:00,4.86,4.86,4.86,4.86,4.86,4.86,4.86,4.86,4.86
2026-04-18 14:00:00,5,5,5,5,5,5,5,5,5
2026-04-18 20:00:00,0.139,0.139,0.139,0.139,0.139,0.139,0.139,0.139,0.139
2026-04-19 02:00:00,0,0,0,0,0,0,0,0,0
2026-04-19 08:00:00,4.86,4.86,4.86,4.86,4.86,4.86,4.86,4.86,4.86
2026-04-19 14:00:00,5,5,5,5,5,5,5,5,5
2026-04-19 20:00:00,0.139,0.139,0.139,0.139,0.139,0.139,0.139,0.139,0.139
2026-04-20 02:00:00,0,0,0,0,0,0,0,0,0
2026-04-20 08:00:00,4.72,4.72,4.72,4.72,4.72,4.72,4.72,4.72,4.72
2026-04-20 14:00:00,4.03,4.03,4.03,4.03,4.03,4.03,4.03,4.03,4.03
2026-04-20 20:00:00,0,0,0,0,0,0,0,0,0
2026-04-21 02:00:00,0,0,0,0,0,0,0,0,0
2026-04-21 08:00:00,4.72,4.72,4.72,4.72,4.72,4.72,4.72,4.72,4.72
2026-04-21 14:00:00,5,5,5,5,5,5,5,5,5
2026-04-21 20:00:00,0,0,0,0,0,0,0,0,0
2026-04-22 02:00:00,0,0,0,0,0,0,0,0,0
2026-04-22 08:00:00,4.86,4.86,4.86,4.86,4.86,4.86,4.86,4.86,4.86
2026-04-22 14:00:00,5,5,5,5,5,5,5,5,5
2026-04-22 20:00:00,0,0,0,0,0,0,0,0,0
2026-04-23 02:00:00,0,0,0,0,0,0,0,0,0
2026-04-23 08:00:00,4.86,4.86,4.86,4.86,4.86,4.86,4.86,4.86,4.86
2026-04-23 14:00:00,5,5,5,5,5,5,5,5,5
2026-04-23 20:00:00,0,0,0,0,0,0,0,0,0
2026-04-24 02:00:00,0,0,0,0,0,0,0,0,0
2026-04-24 08:00:00,2.64,2.64,2.64,2.64,2.64,2.64,2.64,2.64,2.64
2026-04-24 14:00:00,1.11,1.11,1.11,1.11,1.11,1.11,1.11,1.11,1.11
2026-04-24 20:00:00,0,0,0,0,0,0,0,0,0
2026-04-25 02:00:00,0,0,0,0,0,0,0,0,0
2026-04-25 08:00:00,0,0,0,0,0,0,0,0,0
2026-04-25 14:00:00,4.86,4.86,4.86,4.86,4.86,4.86,4.86,4.86,4.86
2026-04-25 20:00:00,0.278,0.278,0.278,0.278,0.278,0.278,0.278,0.278,0.278
2026-04-26 02:00:00,0,0,0,0,0,0,0,0,0
2026-04-26 08:00:00,0,0,0,0,0,0,0,0,0
2026-04-26 14:00:00,0,0,0,0,0,0,0,0,0
2026-04-26 20:00:00,0,0,0,0,0,0,0,0,0
2026-04-27 02:00:00,0,0,0,0,0,0,0,0,0
2026-04-27 08:00:00,4.86,4.86,4.86,4.86,4.86,4.86,4.86,4.86,4.86
2026-04-27 14:00:00,5,5,5,5,5,5,5,5,5
2026-04-27 20:00:00,0,0,0,0,0,0,0,0,0
2026-04-28 02:00:00,0,0,0,0,0,0,0,0,0
2026-04-28 08:00:00,4.72,4.72,4.72,4.72,4.72,4.72,4.72,4.72,4.72
2026-04-28 14:00:00,4.86,4.86,4.86,4.86,4.86,4.86,4.86,4.86,4.86
2026-04-28 20:00:00,0,0,0,0,0,0,0,0,0
2026-04-29 02:00:00,0,0,0,0,0,0,0,0,0
2026-04-29 08:00:00,4.72,4.72,4.72,4.72,4.72,4.72,4.72,4.72,4.72
2026-04-29 14:00:00,4.31,4.31,4.31,4.31,4.31,4.31,4.31,4.31,4.31
2026-04-29 20:00:00,0,0,0,0,0,0,0,0,0
2026-04-30 02:00:00,0,0,0,0,0,0,0,0,0
2026-04-30 08:00:00,1.67,1.67,1.67,1.67,1.67,1.67,1.67,1.67,1.67
2026-04-30 14:00:00,3.33,3.33,3.33,3.33,3.33,3.33,3.33,3.33,3.33
2026-04-30 20:00:00,0.139,0.139,0.139,0.139,0.139,0.139,0.139,0.139,0.139
2026-05-01 02:00:00,0,0,0,0,0,0,0,0,0
2026-05-01 08:00:00,4.58,4.58,4.58,4.58,4.58,4.58,4.58,4.58,4.58
2026-05-01 14:00:00,4.17,4.17,4.17,4.17,4.17,4.17,4.17,4.17,4.17
2026-05-01 20:00:00,0,0,0,0,0,0,0,0,0
2026-05-02 02:00:00,0,0,0,0,0,0,0,0,0
2026-05-02 08:00:00,1.11,1.11,1.11,1.11,1.11,1.11,1.11,1.11,1.11
2026-05-02 14:00:00,3.06,3.06,3.06,3.06,3.06,3.06,3.06,3.06,3.06
2026-05-02 20:00:00,0.139,0.139,0.139,0.139,0.139,0.139,0.139,0.139,0.139
2026-05-03 02:00:00,0.556,0.556,0.556,0.556,0.556,0.556,0.556,0.556,0.556
2026-05-03 08:00:00,4.72,4.72,4.72,4.72,4.72,4.72,4.72,4.72,4.72
2026-05-03 14:00:00,0,0,0,0,0,0,0,0,0
2026-05-03 20:00:00,0,0,0,0,0,0,0,0,0
2026-05-04 02:00:00,0.694,0.694,0.694,0.694,0.694,0.694,0.694,0.694,0.694
2026-05-04 08:00:00,5,5,5,5,5,5,5,5,5
2026-05-04 14:00:00,5,5,5,5,5,5,5,5,5
2026-05-04 20:00:00,0.278,0.278,0.278,0.278,0.278,0.278,0.278,0.278,0.278
2026-05-05 02:00:00,0.278,0.278,0.278,0.278,0.278,0.278,0.278,0.278,0.278
2026-05-05 08:00:00,4.03,4.03,4.03,4.03,4.03,4.03,4.03,4.03,4.03
2026-05-05 14:00:00,5,5,5,5,5,5,5,5,5
2026-05-05 20:00:00,0.278,0.278,0.278,0.278,0.278,0.278,0.278,0.278,0.278
2026-05-06 02:00:00,0.556,0.556,0.556,0.556,0.556,0.556,0.556,0.556,0.556
2026-05-06 08:00:00,5,5,5,5,5,5,5,5,5
2026-05-06 14:00:00,5,5,5,5,5,5,5,5,5
2026-05-06 20:00:00,0.278,0.278,0.278,0.278,0.278,0.278,0.278,0.278,0.278
2026-05-07 02:00:00,0.417,0.417,0.417,0.417,0.417,0.417,0.417,0.417,0.417
2026-05-07 08:00:00,5,5,5,5,5,5,5,5,5
2026-05-07 14:00:00,5,5,5,5,5,5,5,5,5
2026-05-07 20:00:00,0.278,0.278,0.278,0.278,0.278,0.278,0.278,0.278,0.278
2026-05-08 02:00:00,0.139,0.139,0.139,0.139,0.139,0.139,0.139,0.139,0.139
2026-05-08 08:00:00,5,5,5,5,5,5,5,5,5
2026-05-08 14:00:00,4.58,4.58,4.58,4.58,4.58,4.58,4.58,4.58,4.58
2026-05-08 20:00:00,0,0,0,0,0,0,0,0,0
2026-05-09 02:00:00,0.278,0.278,0.278,0.278,0.278,0.278,0.278,0.278,0.278
2026-05-09 08:00:00,5,5,5,5,5,5,5,5,5
2026-05-09 14:00:00,5,5,5,5,5,5,5,5,5
2026-05-09 20:00:00,0.278,0.278,0.278,0.278,0.278,0.278,0.278,0.278,0.278
2026-05-10 02:00:00,0,0,0,0,0,0,0,0,0
2026-05-10 08:00:00,4.44,4.44,4.44,4.44,4.44,4.44,4.44,4.44,4.44
2026-05-10 14:00:00,5,5,5,5,5,5,5,5,5
2026-05-10 20:00:00,0.139,0.139,0.139,0.139,0.139,0.139,0.139,0.139,0.139
2026-05-11 02:00:00,0.417,0.417,0.417,0.417,0.417,0.417,0.417,0.417,0.417
2026-05-11 08:00:00,4.44,4.44,4.44,4.44,4.44,4.44,4.44,4.44,4.44
2026-05-11 14:00:00,4.58,4.58,4.58,4.58,4.58,4.58,4.58,4.58,4.58
2026-05-11 20:00:00,0.278,0.278,0.278,0.278,0.278,0.278,0.278,0.278,0.278
2026-05-12 02:00:00,0.556,0.556,0.556,0.556,0.556,0.556,0.556,0.556,0.556
2026-05-12 08:00:00,5,5,5,5,5,5,5,5,5
2026-05-12 14:00:00,5,5,5,5,5,5,5,5,5
2026-05-12 20:00:00,0.278,0.278,0.278,0.278,0.278,0.278,0.278,0.278,0.278
2026-05-13 02:00:00,0.556,0.556,0.556,0.556,0.556,0.556,0.556,0.556,0.556
2026-05-13 08:00:00,5,5,5,5,5,5,5,5,5
2026-05-13 14:00:00,5,5,5,5,5,5,5,5,5
2026-05-13 20:00:00,0.278,0.278,0.278,0.278,0.278,0.278,0.278,0.278,0.278
2026-05-14 02:00:00,0.417,0.417,0.417,0.417,0.417,0.417,0.417,0.417,0.417
2026-05-14 08:00:00,5,5,5,5,5,5,5,5,5
2026-05-14 14:00:00,5,5,5,5,5,5,5,5,5
2026-05-14 20:00:00,0.278,0.278,0.278,0.278,0.278,0.278,0.278,0.278,0.278
2026-05-15 02:00:00,0.417,0.417,0.417,0.417,0.417,0.417,0.417,0.417,0.417
2026-05-15 08:00:00,5,5,5,5,5,5,5,5,5
2026-05-15 14:00:00,5,5,5,5,5,5,5,5,5
2026-05-15 20:00:00,0.139,0.139,0.139,0.139,0.139,0.139,0.139,0.139,0.139
2026-05-16 02:00:00,0.139,0.139,0.139,0.139,0.139,0.139,0.139,0.139,0.139
2026-05-16 08:00:00,5,5,5,5,5,5,5,5,5
2026-05-16 14:00:00,4.17,4.17,4.17,4.17,4.17,4.17,4.17,4.17,4.17
2026-05-16 20:00:00,0,0,0,0,0,0,0,0,0
2026-05-17 02:00:00,0,0,0,0,0,0,0,0,0
2026-05-17 08:00:00,4.44,4.44,4.44,4.44,4.44,4.44,4.44,4.44,4.44
2026-05-17 14:00:00,3.06,3.06,3.06,3.06,3.06,3.06,3.06,3.06,3.06
2026-05-17 20:00:00,0,0,0,0,0,0,0,0,0
2026-05-18 02:00:00,0.417,0.417,0.417,0.417,0.417,0.417,0.417,0.417,0.417
2026-05-18 08:00:00,5,5,5,5,5,5,5,5,5
2026-05-18 14:00:00,2.08,2.08,2.08,2.08,2.08,2.08,2.08,2.08,2.08
2026-05-18 20:00:00,0,0,0,0,0,0,0,0,0
2026-05-19 02:00:00,0.694,0.694,0.694,0.694,0.694,0.694,0.694,0.694,0.694
2026-05-19 08:00:00,5,5,5,5,5,5,5,5,5
2026-05-19 14:00:00,5,5,5,5,5,5,5,5,5
2026-05-19 20:00:00,0.417,0.417,0.417,0.417,0.417,0.417,0.417,0.417,0.417
2026-05-20 02:00:00,0.556,0.556,0.556,0.556,0.556,0.556,0.556,0.556,0.556
2026-05-20 08:00:00,5,5,5,5,5,5,5,5,5
2026-05-20 14:00:00,5,5,5,5,5,5,5,5,5
2026-05-20 20:00:00,0.417,0.417,0.417,0.417,0.417,0.417,0.417,0.417,0.417
2026-05-21 02:00:00,0.694,0.694,0.694,0.694,0.694,0.694,0.694,0.694,0.694
2026-05-21 08:00:00,5,5,5,5,5,5,5,5,5
2026-05-21 14:00:00,5,5,5,5,5,5,5,5,5
2026-05-21 20:00:00,0.417,0.417,0.417,0.417,0.417,0.417,0.417,0.417,0.417
2026-05-22 02:00:00,0.556,0.556,0.556,0.556,0.556,0.556,0.556,0.556,0.556
2026-05-22 08:00:00,5,5,5,5,5,5,5,5,5
2026-05-22 14:00:00,5,5,5,5,5,5,5,5,5
2026-05-22 20:00:00,0.278,0.278,0.278,0.278,0.278,0.278,0.278,0.278,0.278
2026-05-23 02:00:00,0.556,0.556,0.556,0.556,0.556,0.556,0.556,0.556,0.556
2026-05-23 08:00:00,5,5,5,5,5,5,5,5,5
2026-05-23 14:00:00,5,5,5,5,5,5,5,5,5
2026-05-23 20:00:00,0.278,0.278,0.278,0.278,0.278,0.278,0.278,0.278,0.278
2026-05-24 02:00:00,0.694,0.694,0.694,0.694,0.694,0.694,0.694,0.694,0.694
2026-05-24 08:00:00,5,5,5,5,5,5,5,5,5
2026-05-24 14:00:00,5,5,5,5,5,5,5,5,5
2026-05-24 20:00:00,0.417,0.417,0.417,0.417,0.417,0.417,0.417,0.417,0.417
2026-05-25 02:00:00,0.556,0.556,0.556,0.556,0.556,0.556,0.556,0.556,0.556
2026-05-25 08:00:00,5,5,5,5,5,5,5,5,5
2026-05-25 14:00:00,5,5,5,5,5,5,5,5,5
2026-05-25 20:00:00,0.278,0.278,0.278,0.278,0.278,0.278,0.278,0.278,0.278
2026-05-26 02:00:00,0.556,0.556,0.556,0.556,0.556,0.556,0.556,0.556,0.556
2026-05-26 08:00:00,5,5,5,5,5,5,5,5,5
2026-05-26 14:00:00,5,5,5,5,5,5,5,5,5
2026-05-26 20:00:00,0.278,0.278,0.278,0.278,0.278,0.278,0.278,0.278,0.278
2026-05-27 02:00:00,0.694,0.694,0.694,0.694,0.694,0.694,0.694,0.694,0.694
2026-05-27 08:00:00,5,5,5,5,5,5,5,5,5
2026-05-27 14:00:00,5,5,5,5,5,5,5,5,5
2026-05-27 20:00:00,0.417,0.417,0.417,0.417,0.417,0.417,0.417,0.417,0.417
2026-05-28 02:00:00,0.694,0.694,0.694,0.694,0.694,0.694,0.694,0.694,0.694
2026-05-28 08:00:00,5,5,5,5,5,5,5,5,5
2026-05-28 14:00:00,5,5,5,5,5,5,5,5,5
2026-05-28 20:00:00,0.278,0.278,0.278,0.278,0.278,0.278,0.278,0.278,0.278
2026-05-29 02:00:00,0.694,0.694,0.694,0.694,0.694,0.694,0.694,0.694,0.694
2026-05-29 08:00:00,5,5,5,5,5,5,5,5,5
2026-05-29 14:00:00,5,5,5,5,5,5,5,5,5
2026-05-29 20:00:00,0.417,0.417,0.417,0.417,0.417,0.417,0.417,0.417,0.417
2026-05-30 02:00:00,0,0,0,0,0,0,0,0,0
2026-05-30 08:00:00,4.44,4.44,4.44,4.44,4.44,4.44,4.44,4.44,4.44
2026-05-30 14:00:00,5,5,5,5,5,5,5,5,5
2026-05-30 20:00:00,0.278,0.278,0.278,0.278,0.278,0.278,0.278,0.278,0.278
2026-05-31 02:00:00,0.694,0.694,0.694,0.694,0.694,0.694,0.694,0.694,0.694
2026-05-31 08:00:00,5,5,5,5,5,5,5,5,5
2026-05-31 14:00:00,5,5,5,5,5,5,5,5,5
2026-05-31 20:00:00,0.278,0.278,0.278,0.278,0.278,0.278,0.278,0.278,0.278
2026-06-01 02:00:00,0.556,0.556,0.556,0.556,0.556,0.556,0.556,0.556,0.556
2026-06-01 08:00:00,5,5,5,5,5,5,5,5,5
2026-06-01 14:00:00,5,5,5,5,5,5,5,5,5
2026-06-01 20:00:00,0.139,0.139,0.139,0.139,0.139,0.139,0.139,0.139,0.139
2026-06-02 02:00:00,0.556,0.556,0.556,0.556,0.556,0.556,0.556,0.556,0.556
2026-06-02 08:00:00,5,5,5,5,5,5,5,5,5
2026-06-02 14:00:00,5,5,5,5,5,5,5,5,5
2026-06-02 20:00:00,0.278,0.278,0.278,0.278,0.278,0.278,0.278,0.278,0.278
2026-06-03 02:00:00,0.556,0.556,0.556,0.556,0.556,0.556,0.556,0.556,0.556
2026-06-03 08:00:00,5,5,5,5,5,5,5,5,5
2026-06-03 14:00:00,5,5,5,5,5,5,5,5,5
2026-06-03 20:00:00,0.417,0.417,0.417,0.556,0.556,0.417,0.417,0.417,0.417
2026-06-04 02:00:00,0.694,0.694,0.694,0.694,0.694,0.694,0.694,0.694,0.694
2026-06-04 08:00:00,5,5,5,5,5,5,5,5,5
2026-06-04 14:00:00,5,5,5,5,5,5,5,5,5
2026-06-04 20:00:00,0.417,0.417,0.417,0.417,0.417,0.417,0.417,0.417,0.417
2026-06-05 02:00:00,0.694,0.694,0.694,0.694,0.694,0.694,0.694,0.694,0.694
2026-06-05 08:00:00,5,5,5,5,5,5,5,5,5
2026-06-05 14:00:00,5,5,5,5,5,5,5,5,5
2026-06-05 20:00:00,0.417,0.417,0.417,0.417,0.417,0.417,0.417,0.417,0.417
2026-06-06 02:00:00,0.556,0.556,0.556,0.556,0.556,0.556,0.556,0.556,0.556
2026-06-06 08:00:00,5,5,5,5,5,5,5,5,5
2026-06-06 14:00:00,5,5,5,5,5,5,5,5,5
2026-06-06 20:00:00,0.278,0.278,0.278,0.278,0.278,0.278,0.278,0.278,0.278
2026-06-07 02:00:00,0.694,0.694,0.694,0.694,0.694,0.694,0.694,0.694,0.694
2026-06-07 08:00:00,5,5,5,5,5,5,5,5,5
2026-06-07 14:00:00,5,5,5,5,5,5,5,5,5
2026-06-07 20:00:00,0.417,0.417,0.417,0.417,0.417,0.417,0.417,0.417,0.417
2026-06-08 02:00:00,0.694,0.694,0.694,0.694,0.694,0.694,0.694,0.694,0.694
2026-06-08 08:00:00,5,5,5,5,5,5,5,5,5
2026-06-08 14:00:00,5,5,5,5,5,5,5,5,5
2026-06-08 20:00:00,0.278,0.278,0.278,0.278,0.278,0.278,0.278,0.278,0.278
2026-06-09 02:00:00,0.694,0.694,0.694,0.694,0.694,0.694,0.694,0.694,0.694
2026-06-09 08:00:00,5,5,5,5,5,5,5,5,5
2026-06-09 14:00:00,5,5,5,5,5,5,5,5,5
2026-06-09 20:00:00,0.417,0.417,0.417,0.417,0.417,0.417,0.417,0.417,0.417
2026-06-10 02:00:00,0.694,0.694,0.694,0.694,0.694,0.694,0.694,0.694,0.694
2026-06-10 08:00:00,5,5,5,5,5,5,5,5,5
2026-06-10 14:00:00,5,5,5,5,5,5,5,5,5
2026-06-10 20:00:00,0.417,0.417,0.417,0.417,0.417,0.417,0.417,0.417,0.417
2026-06-11 02:00:00,0.556,0.556,0.556,0.556,0.556,0.556,0.556,0.556,0.556
2026-06-11 08:00:00,5,5,5,5,5,5,5,5,5
2026-06-11 14:00:00,5,5,5,5,5,5,5,5,5
2026-06-11 20:00:00,0.278,0.278,0.278,0.972,0.972,0.278,0.278,0.278,0.278
2026-06-12 02:00:00,0.694,0.694,0.694,0.694,0.694,0.694,0.694,0.694,0.694
2026-06-12 08:00:00,5,5,5,5,5,5,5,5,5
2026-06-12 14:00:00,5,5,5,5,5,5,5,5,5
2026-06-12 20:00:00,1.11,1.11,1.11,1.94,1.94,0.278,1.11,1.11,1.11
2026-06-13 02:00:00,0.556,0.556,0.556,0.556,0.556,0.556,0.556,0.556,0.556
2026-06-13 08:00:00,5,5,5,5,5,5,5,5,5
2026-06-13 14:00:00,5,5,5,5,5,5,5,5,5
2026-06-13 20:00:00,2.22,2.22,2.22,1.94,1.94,2.22,2.22,2.22,2.22
2026-06-14 02:00:00,0.694,0.694,0.694,0.694,0.694,0.694,0.694,0.694,0.694
2026-06-14 08:00:00,5,5,5,5,5,5,5,5,5
2026-06-14 14:00:00,5,5,5,5,5,5,5,5,5
2026-06-14 20:00:00,1.39,1.39,1.39,1.67,1.67,1.25,1.39,1.39,1.39
2026-06-15 02:00:00,0.694,0.694,0.694,0.694,0.694,0.694,0.694,0.694,0.694
2026-06-15 08:00:00,5,5,5,5,5,5,5,5,5
2026-06-15 14:00:00,5,5,5,5,5,5,5,5,5
2026-06-15 20:00:00,0.694,0.694,0.694,0.556,0.556,0.833,0.694,0.694,0.694
2026-06-16 02:00:00,0.694,0.694,0.694,0.694,0.694,0.694,0.694,0.694,0.694
2026-06-16 08:00:00,5,5,5,5,5,5,5,5,5
2026-06-16 14:00:00,5,5,5,5,5,5,5,5,5
2026-06-16 20:00:00,1.81,1.81,1.81,1.81,1.81,1.81,1.81,1.81,1.81
2026-06-17 02:00:00,0.694,0.694,0.694,0.694,0.694,0.694,0.694,0.694,0.694
2026-06-17 08:00:00,5,5,5,5,5,5,5,5,5
2026-06-17 14:00:00,5,5,5,5,5,5,5,5,5
2026-06-17 20:00:00,2.22,2.22,2.22,2.50,2.50,2.36,2.22,2.22,2.22
2026-06-18 02:00:00,0.417,0.417,0.417,0.417,0.417,0.417,0.417,0.417,0.417
2026-06-18 08:00:00,5,5,5,5,5,5,5,5,5
2026-06-18 14:00:00,3.06,3.06,3.06,3.33,3.33,3.06,3.06,3.06,3.06
2026-06-18 20:00:00,2.22,2.22,2.22,2.22,2.22,2.50,2.22,2.22,2.22
2026-06-19 02:00:00,5,5,5,5,5,5,5,5,5
2026-06-19 08:00:00,5,5,5,5,5,5,5,5,5
2026-06-19 14:00:00,5,5,5,5,5,5,5,5,5
2026-06-19 20:00:00,2.64,2.64,2.64,2.78,2.78,2.50,2.64,2.64,2.64
2026-06-20 02:00:00,5,5,5,5,5,5,5,5,5
2026-06-20 08:00:00,5,5,5,5,5,5,5,5,5
2026-06-20 14:00:00,5,5,5,5,5,5,5,5,5
2026-06-20 20:00:00,2.50,2.50,2.50,2.64,2.64,2.78,2.50,2.50,2.50
2026-06-21 02:00:00,3.89,3.89,3.89,4.17,4.17,4.44,3.89,3.89,3.89
2026-06-21 08:00:00,5,5,5,5,5,5,5,5,5
2026-06-21 14:00:00,5,5,5,5,5,5,5,5,5
2026-06-21 20:00:00,2.50,2.50,2.50,2.50,2.50,2.64,2.50,2.50,2.50
2026-06-22 02:00:00,2.64,2.64,2.64,2.78,2.78,2.78,2.64,2.64,2.64
2026-06-22 08:00:00,5,5,5,5,5,5,5,5,5
2026-06-22 14:00:00,5,5,5,5,5,5,5,5,5
2026-06-22 20:00:00,2.78,2.78,2.78,2.50,2.50,2.50,2.78,2.78,2.78
2026-06-23 02:00:00,2.36,2.36,2.36,2.36,2.36,2.50,2.36,2.36,2.36
2026-06-23 08:00:00,4.72,4.72,4.72,4.72,4.72,4.86,4.72,4.72,4.72
2026-06-23 14:00:00,5,5,5,5,5,5,5,5,5
2026-06-23 20:00:00,2.50,2.50,2.50,2.92,2.92,2.64,2.50,2.50,2.50
2026-06-24 02:00:00,1.53,1.53,1.53,1.53,1.53,1.53,1.53,1.53,1.53
2026-06-24 08:00:00,5,5,5,5,5,5,5,5,5
2026-06-24 14:00:00,5,5,5,5,5,5,5,5,5
2026-06-24 20:00:00,2.36,2.36,2.36,2.64,2.64,2.64,2.36,2.36,2.36
2026-06-25 02:00:00,2.08,2.08,2.08,2.08,2.08,1.81,2.08,2.08,2.08
2026-06-25 08:00:00,5,5,5,5,5,5,5,5,5
2026-06-25 14:00:00,5,5,5,5,5,5,5,5,5
2026-06-25 20:00:00,2.50,2.50,2.50,2.50,2.50,2.64,2.50,2.50,2.50
2026-06-26 02:00:00,1.11,1.11,1.11,1.11,1.11,1.11,1.11,1.11,1.11
2026-06-26 08:00:00,5,5,5,5,5,5,5,5,5
2026-06-26 14:00:00,5,5,5,5,5,5,5,5,5
2026-06-26 20:00:00,1.11,1.11,1.11,1.25,1.25,0.972,1.11,1.11,1.11
2026-06-27 02:00:00,0.556,0.556,0.556,0.556,0.556,0.556,0.556,0.556,0.556
2026-06-27 08:00:00,5,5,5,5,5,5,5,5,5
2026-06-27 14:00:00,5,5,5,5,5,5,5,5,5
2026-06-27 20:00:00,0.972,0.972,0.972,1.25,1.25,0.833,0.972,0.972,0.972
2026-06-28 02:00:00,0.556,0.556,0.556,0.556,0.556,0.556,0.556,0.556,0.556
2026-06-28 08:00:00,5,5,5,5,5,5,5,5,5
2026-06-28 14:00:00,5,5,5,5,5,5,5,5,5
2026-06-28 20:00:00,0.278,0.278,0.278,0.278,0.278,0.278,0.278,0.278,0.278
2026-06-29 02:00:00,0.694,0.694,0.694,0.694,0.694,0.694,0.694,0.694,0.694
2026-06-29 08:00:00,5,5,5,5,5,5,5,5,5
2026-06-29 14:00:00,5,5,5,5,5,5,5,5,5
2026-06-29 20:00:00,1.67,1.67,1.67,1.81,1.81,1.53,1.67,1.67,1.67
2026-06-30 02:00:00,0.556,0.556,0.556,0.556,0.556,0.556,0.556,0.556,0.556
2026-06-30 08:00:00,5,5,5,5,5,5,5,5,5
2026-06-30 14:00:00,5,5,5,5,5,5,5,5,5
2026-06-30 20:00:00,2.08,2.08,2.08,2.22,2.22,2.08,2.08,2.08,2.08
2026-07-01 02:00:00,0.417,0.417,0.417,0.417,0.417,0.417,0.417,0.417,0.417
2026-07-01 08:00:00,5,5,5,5,5,5,5,5,5
2026-07-01 14:00:00,5,5,5,5,5,5,5,5,5
2026-07-01 20:00:00,2.50,2.50,2.50,2.64,2.64,2.64,2.50,2.50,2.50
2026-07-02 02:00:00,3.75,3.75,3.75,3.61,3.61,3.75,3.75,3.75,3.75
2026-07-02 08:00:00,5,5,5,5,5,5,5,5,5
2026-07-02 14:00:00,5,5,5,5,5,5,5,5,5
2026-07-02 20:00:00,2.78,2.78,2.78,2.78,2.78,2.64,2.78,2.78,2.78
2026-07-03 02:00:00,4.86,4.86,4.86,5,5,5,4.86,4.86,4.86
2026-07-03 08:00:00,5,5,5,5,5,5,5,5,5
2026-07-03 14:00:00,5,5,5,5,5,5,5,5,5
2026-07-03 20:00:00,2.50,2.50,2.50,2.50,2.50,2.64,2.50,2.50,2.50
2026-07-04 02:00:00,2.50,2.50,2.50,2.64,2.64,2.50,2.50,2.50,2.50
2026-07-04 08:00:00,5,5,5,5,5,5,5,5,5
2026-07-04 14:00:00,4.58,4.58,4.58,4.72,4.72,4.58,4.58,4.58,4.58
2026-07-04 20:00:00,2.22,2.22,2.22,2.22,2.22,2.50,2.22,2.22,2.22
2026-07-05 02:00:00,0.694,0.694,0.694,0.833,0.833,0.972,0.694,0.694,0.694
2026-07-05 08:00:00,5,5,5,5,5,5,5,5,5
2026-07-05 14:00:00,5,5,5,5,5,5,5,5,5
2026-07-05 20:00:00,2.50,2.50,2.50,2.64,2.64,2.50,2.50,2.50,2.50
2026-07-06 02:00:00,0.833,0.833,0.833,0.833,0.833,0.833,0.833,0.833,0.833
2026-07-06 08:00:00,5,5,5,5,5,5,5,5,5
2026-07-06 14:00:00,5,5,5,5,5,5,5,5,5
2026-07-06 20:00:00,2.50,2.50,2.50,2.64,2.64,2.78,2.50,2.50,2.50
2026-07-07 02:00:00,0.556,0.556,0.556,0.694,0.694,0.556,0.556,0.556,0.556
2026-07-07 08:00:00,5,5,5,5,5,5,5,5,5
2026-07-07 14:00:00,5,5,5,5,5,5,5,5,5
2026-07-07 20:00:00,2.64,2.64,2.64,2.64,2.64,2.50,2.64,2.64,2.64
2026-07-08 02:00:00,5,5,5,5,5,5,5,5,5
2026-07-08 08:00:00,5,5,5,5,5,5,5,5,5
2026-07-08 14:00:00,2.64,2.64,2.64,2.92,2.92,2.92,2.64,2.64,2.64
2026-07-08 20:00:00,2.36,2.36,2.36,2.50,2.50,2.22,2.36,2.36,2.36
2026-07-09 02:00:00,4.72,4.72,4.72,4.72,4.72,5,4.72,4.72,4.72
2026-07-09 08:00:00,5,5,5,5,5,5,5,5,5
2026-07-09 14:00:00,5,5,5,5,5,5,5,5,5
2026-07-09 20:00:00,2.50,2.50,2.50,2.50,2.50,2.50,2.50,2.50,2.50
2026-07-10 02:00:00,5,5,5,5,5,5,5,5,5
2026-07-10 08:00:00,5,5,5,5,5,5,5,5,5
2026-07-10 14:00:00,5,5,5,5,5,5,5,5,5
2026-07-10 20:00:00,2.64,2.64,2.64,2.50,2.50,3.19,2.64,2.64,2.64
2026-07-11 02:00:00,2.92,2.92,2.92,2.92,2.92,3.19,2.92,2.92,2.92
2026-07-11 08:00:00,5,5,5,5,5,5,5,5,5
2026-07-11 14:00:00,5,5,5,5,5,5,5,5,5
2026-07-11 20:00:00,2.92,2.92,2.92,2.92,2.92,3.19,2.92,2.92,2.92
2026-07-12 02:00:00,1.94,1.94,1.94,1.94,1.94,2.36,1.94,1.94,1.94
2026-07-12 08:00:00,5,5,5,5,5,5,5,5,5
2026-07-12 14:00:00,5,5,5,5,5,5,5,5,5
2026-07-12 20:00:00,2.64,2.64,2.64,2.50,2.50,2.50,2.64,2.64,2.64
2026-07-13 02:00:00,2.36,2.36,2.36,2.36,2.36,2.64,2.36,2.36,2.36
2026-07-13 08:00:00,5,5,5,5,5,5,5,5,5
2026-07-13 14:00:00,5,5,5,5,5,5,5,5,5
2026-07-13 20:00:00,2.50,2.50,2.50,2.64,2.64,2.64,2.50,2.50,2.50
2026-07-14 02:00:00,1.67,1.67,1.67,1.67,1.67,1.81,1.67,1.67,1.67
2026-07-14 08:00:00,5,5,5,5,5,5,5,5,5
2026-07-14 14:00:00,5,5,5,5,5,5,5,5,5
2026-07-14 20:00:00,2.36,2.36,2.36,2.36,2.36,1.94,2.36,2.36,2.36
2026-07-15 02:00:00,0.694,0.694,0.694,0.694,0.694,0.694,0.694,0.694,0.694
2026-07-15 08:00:00,5,5,5,5,5,5,5,5,5
2026-07-15 14:00:00,5,5,5,5,5,5,5,5,5
2026-07-15 20:00:00,2.36,2.36,2.36,2.64,2.64,2.50,2.36,2.36,2.36
2026-07-16 02:00:00,0.556,0.556,0.556,0.417,0.417,0.417,0.556,0.556,0.556
2026-07-16 08:00:00,5,5,5,5,5,5,5,5,5
2026-07-16 14:00:00,5,5,5,5,5,5,5,5,5
2026-07-16 20:00:00,2.64,2.64,2.64,2.64,2.64,2.50,2.64,2.64,2.64
2026-07-17 02:00:00,1.94,1.94,1.94,1.94,1.94,1.94,1.94,1.94,1.94
2026-07-17 08:00:00,5,5,5,5,5,5,5,5,5
2026-07-17 14:00:00,5,5,5,5,5,5,5,5,5
2026-07-17 20:00:00,2.64,2.64,2.64,2.78,2.78,2.50,2.64,2.64,2.64
2026-07-18 02:00:00,3.75,3.75,3.75,4.31,4.31,4.17,3.75,3.75,3.75
2026-07-18 08:00:00,5,5,5,5,5,5,5,5,5
2026-07-18 14:00:00,5,5,5,5,5,5,5,5,5
2026-07-18 20:00:00,2.50,2.50,2.50,2.50,2.50,2.36,2.50,2.50,2.50
2026-07-19 02:00:00,5,5,5,5,5,5,5,5,5
2026-07-19 08:00:00,5,5,5,5,5,5,5,5,5
2026-07-19 14:00:00,5,5,5,5,5,5,5,5,5
2026-07-19 20:00:00,2.50,2.50,2.50,2.36,2.36,5,2.50,2.50,2.50
2026-07-20 02:00:00,2.64,2.64,2.64,2.78,2.78,3.19,2.64,2.64,2.64
2026-07-20 08:00:00,5,5,5,5,5,5,5,5,5
2026-07-20 14:00:00,5,5,5,5,5,5,5,5,5
2026-07-20 20:00:00,2.36,2.36,2.36,2.64,2.64,2.78,2.36,2.36,2.36
2026-07-21 02:00:00,5,5,5,5,5,5,5,5,5
2026-07-21 08:00:00,5,5,5,5,5,5,5,5,5
2026-07-21 14:00:00,5,5,5,5,5,5,5,5,5
2026-07-21 20:00:00,2.50,2.50,2.50,5,5,5,2.50,2.50,2.50
2026-07-22 02:00:00,5,5,5,5,5,5,5,5,5
2026-07-22 08:00:00,5,5,5,5,5,5,5,5,5
2026-07-22 14:00:00,5,5,5,5,5,5,5,5,5
2026-07-22 20:00:00,2.78,2.78,2.78,5,5,5,2.78,2.78,2.78
2026-07-23 02:00:00,5,5,5,5,5,5,5,5,5
2026-07-23 08:00:00,5,5,5,5,5,5,5,5,5
2026-07-23 14:00:00,5,5,5,5,5,5,5,5,5
2026-07-23 20:00:00,2.64,2.64,2.64,5,5,5,2.64,2.64,2.64
2026-07-24 02:00:00,5,5,5,5,5,5,5,5,5
2026-07-24 08:00:00,5,5,5,5,5,5,5,5,5
2026-07-24 14:00:00,5,5,5,5,5,5,5,5,5
2026-07-24 20:00:00,2.50,2.50,2.50,5,5,5,2.50,2.50,2.50
2026-07-25 02:00:00,3.47,3.47,3.47,4.03,4.03,5,3.47,3.47,3.47
2026-07-25 08:00:00,5,5,5,5,5,5,5,5,5
2026-07-25 14:00:00,5,5,5,5,5,5,5,5,5
2026-07-25 20:00:00,2.78,2.78,2.78,5,5,5,2.78,2.78,2.78
2026-07-26 02:00:00,1.81,1.81,1.81,2.08,2.08,3.06,1.81,1.81,1.81
2026-07-26 08:00:00,5,5,5,5,5,5,5,5,5
2026-07-26 14:00:00,5,5,5,5,5,5,5,5,5
2026-07-26 20:00:00,2.64,2.64,2.64,3.61,3.61,5,2.64,2.64,2.64
2026-07-27 02:00:00,4.03,4.03,4.03,3.75,3.75,5,4.03,4.03,4.03
2026-07-27 08:00:00,5,5,5,5,5,5,5,5,5
2026-07-27 14:00:00,5,5,5,5,5,5,5,5,5
2026-07-27 20:00:00,2.50,2.50,2.50,3.47,3.47,3.75,2.50,2.50,2.50
2026-07-28 02:00:00,5,5,5,5,5,5,5,5,5
2026-07-28 08:00:00,4.86,4.86,4.86,5,5,5,4.86,4.86,4.86
2026-07-28 14:00:00,5,5,5,5,5,5,5,5,5
2026-07-28 20:00:00,2.50,2.50,2.50,2.92,2.92,3.33,2.50,2.50,2.50
2026-07-29 02:00:00,5,5,5,5,5,5,5,5,5
2026-07-29 08:00:00,5,5,5,5,5,5,5,5,5
2026-07-29 14:00:00,5,5,5,5,5,5,5,5,5
2026-07-29 20:00:00,2.36,2.36,2.36,5,5,5,2.36,2.36,2.36
2026-07-30 02:00:00,5,5,5,5,5,5,5,5,5
2026-07-30 08:00:00,5,5,5,5,5,5,5,5,5
2026-07-30 14:00:00,4.72,4.72,4.72,5,5,5,4.72,4.72,4.72
2026-07-30 20:00:00,2.50,2.50,2.50,5,5,5,2.50,2.50,2.50
2026-07-31 02:00:00,5,5,5,5,5,5,5,5,5
2026-07-31 08:00:00,5,5,5,5,5,5,5,5,5
2026-07-31 14:00:00,5,5,5,5,5,5,5,5,5
2026-07-31 20:00:00,2.64,2.64,2.64,5,5,5,2.64,2.64,2.64
2026-08-01 02:00:00,2.92,2.92,2.92,3.19,3.19,4.44,2.92,2.92,2.92
2026-08-01 08:00:00,5,5,5,5,5,5,5,5,5
2026-08-01 14:00:00,5,5,5,5,5,5,5,5,5
2026-08-01 20:00:00,2.64,2.64,2.64,5,5,5,2.64,2.64,2.64
2026-08-02 02:00:00,1.94,1.94,1.94,2.08,2.08,2.92,1.94,1.94,1.94
2026-08-02 08:00:00,5,5,5,5,5,5,5,5,5
2026-08-02 14:00:00,5,5,5,5,5,5,5,5,5
2026-08-02 20:00:00,2.36,2.36,2.36,3.47,3.47,5,2.36,2.36,2.36
2026-08-03 02:00:00,1.25,1.25,1.25,1.25,1.25,1.81,1.25,1.25,1.25
2026-08-03 08:00:00,4.86,4.86,4.86,4.86,4.86,4.86,4.86,4.86,4.86
2026-08-03 14:00:00,5,5,5,5,5,5,5,5,5
2026-08-03 20:00:00,2.36,2.36,2.36,2.64,2.64,2.50,2.36,2.36,2.36
2026-08-04 02:00:00,0.278,0.278,0.278,0,0,0.139,0.278,0.278,0.278
2026-08-04 08:00:00,4.86,4.86,4.86,4.86,4.86,4.86,4.86,4.86,4.86
2026-08-04 14:00:00,5,5,5,5,5,5,5,5,5
2026-08-04 20:00:00,2.64,2.64,2.64,2.50,2.50,2.22,2.64,2.64,2.64
2026-08-05 02:00:00,0,0,0,0,0,0,0,0,0
2026-08-05 08:00:00,4.86,4.86,4.86,4.86,4.86,4.86,4.86,4.86,4.86
2026-08-05 14:00:00,5,5,5,5,5,5,5,5,5
2026-08-05 20:00:00,2.64,2.64,2.64,2.64,2.64,2.50,2.64,2.64,2.64
2026-08-06 02:00:00,1.53,1.53,1.53,1.53,1.53,1.53,1.53,1.53,1.53
2026-08-06 08:00:00,4.86,4.86,4.86,4.86,4.86,4.86,4.86,4.86,4.86
2026-08-06 14:00:00,5,5,5,5,5,5,5,5,5
2026-08-06 20:00:00,2.64,2.64,2.64,2.64,2.64,2.78,2.64,2.64,2.64
2026-08-07 02:00:00,0.972,0.972,0.972,0.972,0.972,0.972,0.972,0.972,0.972
2026-08-07 08:00:00,4.58,4.58,4.58,4.58,4.58,4.58,4.58,4.58,4.58
2026-08-07 14:00:00,4.72,4.72,4.72,4.72,4.72,4.72,4.72,4.72,4.72
2026-08-07 20:00:00,2.50,2.50,2.50,2.36,2.36,2.36,2.50,2.50,2.50
2026-08-08 02:00:00,0.972,0.972,0.972,0.972,0.972,0.833,0.972,0.972,0.972
2026-08-08 08:00:00,4.86,4.86,4.86,4.86,4.86,4.86,4.86,4.86,4.86
2026-08-08 14:00:00,5,5,5,5,5,5,5,5,5
2026-08-08 20:00:00,2.92,2.92,2.92,2.92,2.92,2.78,2.92,2.92,2.92
2026-08-09 02:00:00,4.31,4.31,4.31,4.58,4.58,4.58,4.31,4.31,4.31
2026-08-09 08:00:00,5,5,5,5,5,5,5,5,5
2026-08-09 14:00:00,2.50,2.50,2.50,3.06,3.06,2.92,2.50,2.50,2.50
2026-08-09 20:00:00,2.50,2.50,2.50,2.22,2.22,2.22,2.50,2.50,2.50
2026-08-10 02:00:00,5,5,5,5,5,5,5,5,5
2026-08-10 08:00:00,4.72,4.72,4.72,4.86,4.86,4.72,4.72,4.72,4.72
2026-08-10 14:00:00,0.139,0.139,0.139,0.139,0.139,0.139,0.139,0.139,0.139
2026-08-10 20:00:00,2.36,2.36,2.36,2.50,2.50,2.22,2.36,2.36,2.36
2026-08-11 02:00:00,3.61,3.61,3.61,3.89,3.89,3.47,3.61,3.61,3.61
2026-08-11 08:00:00,4.86,4.86,4.86,4.86,4.86,5,4.86,4.86,4.86
2026-08-11 14:00:00,5,5,5,5,5,5,5,5,5
2026-08-11 20:00:00,3.06,3.06,3.06,2.64,2.64,2.64,3.06,3.06,3.06
2026-08-12 02:00:00,5,5,5,5,5,5,5,5,5
2026-08-12 08:00:00,5,5,5,5,5,5,5,5,5
2026-08-12 14:00:00,5,5,5,5,5,5,5,5,5
2026-08-12 20:00:00,2.36,2.36,2.36,2.78,2.78,2.36,2.36,2.36,2.36
2026-08-13 02:00:00,3.61,3.61,3.61,3.89,3.89,3.33,3.61,3.61,3.61
2026-08-13 08:00:00,5,5,5,5,5,4.86,5,5,5
2026-08-13 14:00:00,5,5,5,5,5,5,5,5,5
2026-08-13 20:00:00,2.64,2.64,2.64,2.50,2.50,2.64,2.64,2.64,2.64
2026-08-14 02:00:00,5,5,5,5,5,5,5,5,5
2026-08-14 08:00:00,5,5,5,5,5,5,5,5,5
2026-08-14 14:00:00,5,5,5,5,5,5,5,5,5
2026-08-14 20:00:00,2.36,2.36,2.36,2.64,2.64,4.72,2.36,2.36,2.36
2026-08-15 02:00:00,5,5,5,5,5,5,5,5,5
2026-08-15 08:00:00,5,5,5,5,5,5,5,5,5
2026-08-15 14:00:00,3.75,3.75,3.75,3.75,3.75,5,3.75,3.75,3.75
2026-08-15 20:00:00,2.36,2.36,2.36,2.36,2.36,5,2.36,2.36,2.36
2026-08-16 02:00:00,5,5,5,5,5,5,5,5,5
2026-08-16 08:00:00,5,5,5,5,5,5,5,5,5
2026-08-16 14:00:00,5,5,5,5,5,5,5,5,5
2026-08-16 20:00:00,2.36,2.36,2.36,2.64,2.64,5,2.36,2.36,2.36
2026-08-17 02:00:00,5,5,5,5,5,5,5,5,5
2026-08-17 08:00:00,5,5,5,5,5,5,5,5,5
2026-08-17 14:00:00,5,5,5,5,5,5,5,5,5
2026-08-17 20:00:00,2.50,2.50,2.50,3.33,3.33,5,2.50,2.50,2.50
2026-08-18 02:00:00,5,5,5,5,5,5,5,5,5
2026-08-18 08:00:00,5,5,5,5,5,5,5,5,5
2026-08-18 14:00:00,5,5,5,5,5,5,5,5,5
2026-08-18 20:00:00,2.64,2.64,2.64,5,5,5,2.64,2.64,2.64
2026-08-19 02:00:00,5,5,5,5,5,5,5,5,5
2026-08-19 08:00:00,5,5,5,5,5,5,5,5,5
2026-08-19 14:00:00,5,5,5,5,5,5,5,5,5
2026-08-19 20:00:00,2.50,2.50,2.50,5,5,5,2.50,2.50,2.50
2026-08-20 02:00:00,5,5,5,5,5,5,5,5,5
2026-08-20 08:00:00,5,5,5,5,5,5,5,5,5
2026-08-20 14:00:00,5,5,5,5,5,5,5,5,5
2026-08-20 20:00:00,2.64,2.64,2.64,5,5,5,2.64,2.64,2.64
2026-08-21 02:00:00,5,5,5,5,5,5,5,5,5
2026-08-21 08:00:00,5,5,5,5,5,5,5,5,5
2026-08-21 14:00:00,4.58,4.58,4.58,5,5,5,4.58,4.58,4.58
2026-08-21 20:00:00,2.22,2.22,2.22,5,5,5,2.22,2.22,2.22
2026-08-22 02:00:00,5,5,5,5,5,5,5,5,5
2026-08-22 08:00:00,5,5,5,5,5,5,5,5,5
2026-08-22 14:00:00,3.06,3.06,3.06,5,5,5,3.06,3.06,3.06
2026-08-22 20:00:00,2.36,2.36,2.36,5,5,5,2.36,2.36,2.36
2026-08-23 02:00:00,4.17,4.17,4.17,5,5,5,4.17,4.17,4.17
2026-08-23 08:00:00,5,5,5,5,5,5,5,5,5
2026-08-23 14:00:00,5,5,5,5,5,5,5,5,5
2026-08-23 20:00:00,2.36,2.36,2.36,5,5,5,2.36,2.36,2.36
2026-08-24 02:00:00,5,5,5,5,5,5,5,5,5
2026-08-24 08:00:00,5,5,5,5,5,5,5,5,5
2026-08-24 14:00:00,5,5,5,5,5,5,5,5,5
2026-08-24 20:00:00,2.78,2.78,2.78,3.33,3.33,5,2.78,2.78,2.78
2026-08-25 02:00:00,5,5,5,5,5,5,5,5,5
2026-08-25 08:00:00,5,5,5,5,5,5,5,5,5
2026-08-25 14:00:00,5,5,5,5,5,5,5,5,5
2026-08-25 20:00:00,2.50,2.50,2.50,3.75,3.75,5,2.50,2.50,2.50
2026-08-26 02:00:00,5,5,5,5,5,5,5,5,5
2026-08-26 08:00:00,5,5,5,5,5,5,5,5,5
2026-08-26 14:00:00,5,5,5,5,5,5,5,5,5
2026-08-26 20:00:00,2.50,2.50,2.50,5,5,5,2.50,2.50,2.50
2026-08-27 02:00:00,5,5,5,5,5,5,5,5,5
2026-08-27 08:00:00,5,5,5,5,5,5,5,5,5
2026-08-27 14:00:00,5,5,5,5,5,5,5,5,5
2026-08-27 20:00:00,2.78,2.78,2.78,5,5,5,2.78,2.78,2.78
2026-08-28 02:00:00,5,5,5,5,5,5,5,5,5
2026-08-28 08:00:00,5,5,5,5,5,5,5,5,5
2026-08-28 14:00:00,5,5,5,5,5,5,5,5,5
2026-08-28 20:00:00,2.78,2.78,2.78,5,5,5,2.78,2.78,2.78
2026-08-29 02:00:00,5,5,5,5,5,5,5,5,5
2026-08-29 08:00:00,5,5,5,5,5,5,5,5,5
2026-08-29 14:00:00,5,5,5,5,5,5,5,5,5
2026-08-29 20:00:00,2.36,2.36,2.36,5,5,5,2.36,2.36,2.36
2026-08-30 02:00:00,5,5,5,5,5,5,5,5,5
2026-08-30 08:00:00,5,5,5,5,5,5,5,5,5
2026-08-30 14:00:00,5,5,5,5,5,5,5,5,5
2026-08-30 20:00:00,2.36,2.36,2.36,5,5,5,2.36,2.36,2.36
2026-08-31 02:00:00,5,5,5,5,5,5,5,5,5
2026-08-31 08:00:00,5,5,5,5,5,5,5,5,5
2026-08-31 14:00:00,2.78,2.78,2.78,5,5,5,2.78,2.78,2.78
2026-08-31 20:00:00,2.22,2.22,2.22,5,5,5,2.22,2.22,2.22
2026-09-01 02:00:00,5,5,5,5,5,5,5,5,5
2026-09-01 08:00:00,4.58,4.58,4.58,5,5,5,4.58,4.58,4.58
2026-09-01 14:00:00,4.86,4.86,4.86,5,5,5,4.86,4.86,4.86
2026-09-01 20:00:00,2.64,2.64,2.64,3.75,3.75,5,2.64,2.64,2.64
2026-09-02 02:00:00,1.11,1.11,1.11,1.25,1.25,2.92,1.11,1.11,1.11
2026-09-02 08:00:00,4.72,4.72,4.72,4.72,4.72,4.72,4.72,4.72,4.72
2026-09-02 14:00:00,3.47,3.47,3.47,4.17,4.17,5,3.47,3.47,3.47
2026-09-02 20:00:00,2.50,2.50,2.50,2.22,2.22,5,2.50,2.50,2.50
2026-09-03 02:00:00,2.50,2.50,2.50,2.50,2.50,3.33,2.50,2.50,2.50
2026-09-03 08:00:00,4.31,4.31,4.31,4.44,4.44,4.44,4.31,4.31,4.31
2026-09-03 14:00:00,5,5,5,5,5,5,5,5,5
2026-09-03 20:00:00,2.50,2.50,2.50,2.50,2.50,4.72,2.50,2.50,2.50
2026-09-04 02:00:00,5,5,5,5,5,5,5,5,5
2026-09-04 08:00:00,5,5,5,5,5,5,5,5,5
2026-09-04 14:00:00,3.06,3.06,3.06,4.17,4.17,5,3.06,3.06,3.06
2026-09-04 20:00:00,2.22,2.22,2.22,2.36,2.36,5,2.22,2.22,2.22
2026-09-05 02:00:00,5,5,5,5,5,5,5,5,5
2026-09-05 08:00:00,5,5,5,5,5,5,5,5,5
2026-09-05 14:00:00,5,5,5,5,5,5,5,5,5
2026-09-05 20:00:00,2.50,2.50,2.50,2.92,2.92,5,2.50,2.50,2.50
2026-09-06 02:00:00,3.33,3.33,3.33,3.19,3.19,4.44,3.33,3.33,3.33
2026-09-06 08:00:00,4.58,4.58,4.58,4.58,4.58,5,4.58,4.58,4.58
2026-09-06 14:00:00,2.92,2.92,2.92,3.75,3.75,5,2.92,2.92,2.92
2026-09-06 20:00:00,2.22,2.22,2.22,2.50,2.50,5,2.22,2.22,2.22
2026-09-07 02:00:00,0.833,0.833,0.833,0.833,0.833,1.25,0.833,0.833,0.833
2026-09-07 08:00:00,4.86,4.86,4.86,4.86,4.86,4.86,4.86,4.86,4.86
2026-09-07 14:00:00,5,5,5,5,5,5,5,5,5
2026-09-07 20:00:00,2.36,2.36,2.36,2.78,2.78,2.78,2.36,2.36,2.36
2026-09-08 02:00:00,0.278,0.278,0.278,0,0,0,0.278,0.278,0.278
2026-09-08 08:00:00,4.86,4.86,4.86,4.86,4.86,4.86,4.86,4.86,4.86
2026-09-08 14:00:00,4.44,4.44,4.44,4.44,4.44,4.44,4.44,4.44,4.44
2026-09-08 20:00:00,2.22,2.22,2.22,2.50,2.50,2.50,2.22,2.22,2.22
2026-09-09 02:00:00,0.139,0.139,0.139,0.139,0.139,0.139,0.139,0.139,0.139
2026-09-09 08:00:00,5,5,5,5,5,5,5,5,5
2026-09-09 14:00:00,4.58,4.58,4.58,4.58,4.58,4.58,4.58,4.58,4.58
2026-09-09 20:00:00,1.25,1.25,1.25,0.972,0.972,0.972,1.25,1.25,1.25
2026-09-10 02:00:00,0,0,0,0,0,0,0,0,0
2026-09-10 08:00:00,5,5,5,5,5,5,5,5,5
2026-09-10 14:00:00,4.72,4.72,4.72,4.58,4.58,4.58,4.72,4.72,4.72
2026-09-10 20:00:00,0.972,0.972,0.972,0.972,0.972,0.972,0.972,0.972,0.972
2026-09-11 02:00:00,0,0,0,0,0,0,0,0,0
2026-09-11 08:00:00,5,5,5,5,5,5,5,5,5
2026-09-11 14:00:00,4.58,4.58,4.58,4.58,4.58,4.58,4.58,4.58,4.58
2026-09-11 20:00:00,2.22,2.22,2.22,2.08,2.08,1.94,2.22,2.22,2.22
2026-09-12 02:00:00,0,0,0,0,0,0,0,0,0
2026-09-12 08:00:00,5,5,5,5,5,5,5,5,5
2026-09-12 14:00:00,4.58,4.58,4.58,4.58,4.58,4.58,4.58,4.58,4.58
2026-09-12 20:00:00,1.94,1.94,1.94,1.94,1.94,1.94,1.94,1.94,1.94
2026-09-13 02:00:00,0,0,0,0,0,0,0,0,0
2026-09-13 08:00:00,5,5,5,5,5,5,5,5,5
2026-09-13 14:00:00,4.58,4.58,4.58,4.72,4.72,4.58,4.58,4.58,4.58
2026-09-13 20:00:00,1.81,1.81,1.81,1.81,1.81,1.67,1.81,1.81,1.81
2026-09-14 02:00:00,0,0,0,0,0,0,0,0,0
2026-09-14 08:00:00,5,5,5,5,5,5,5,5,5
2026-09-14 14:00:00,4.58,4.58,4.58,4.58,4.58,4.72,4.58,4.58,4.58
2026-09-14 20:00:00,2.22,2.22,2.22,2.36,2.36,2.22,2.22,2.22,2.22
2026-09-15 02:00:00,0.833,0.833,0.833,0.694,0.694,0.972,0.833,0.833,0.833
2026-09-15 08:00:00,1.67,1.67,1.67,0.833,0.833,1.67,1.67,1.67,1.67
2026-09-15 14:00:00,0.278,0.278,0.278,0.139,0.139,0.139,0.278,0.278,0.278
2026-09-15 20:00:00,0.278,0.278,0.278,0.278,0.278,0.278,0.278,0.278,0.278
2026-09-16 02:00:00,0,0,0,0,0,0,0,0,0
2026-09-16 08:00:00,1.53,1.53,1.53,1.81,1.81,1.67,1.53,1.53,1.53
2026-09-16 14:00:00,4.58,4.58,4.58,4.58,4.58,4.58,4.58,4.58,4.58
2026-09-16 20:00:00,0.972,0.972,0.972,1.11,1.11,0.833,0.972,0.972,0.972
2026-09-17 02:00:00,0,0,0,0,0,0,0,0,0
2026-09-17 08:00:00,5,5,5,5,5,5,5,5,5
2026-09-17 14:00:00,4.58,4.58,4.58,4.58,4.58,4.58,4.58,4.58,4.58
2026-09-17 20:00:00,1.25,1.25,1.25,1.25,1.25,1.67,1.25,1.25,1.25
2026-09-18 02:00:00,0,0,0,0,0,0,0,0,0
2026-09-18 08:00:00,4.72,4.72,4.72,4.72,4.72,4.72,4.72,4.72,4.72
2026-09-18 14:00:00,4.44,4.44,4.44,4.44,4.44,4.58,4.44,4.44,4.44
2026-09-18 20:00:00,2.08,2.08,2.08,1.94,1.94,1.81,2.08,2.08,2.08
2026-09-19 02:00:00,0,0,0,0,0,0,0,0,0
2026-09-19 08:00:00,4.86,4.86,4.86,4.86,4.86,4.86,4.86,4.86,4.86
2026-09-19 14:00:00,4.58,4.58,4.58,4.58,4.58,4.58,4.58,4.58,4.58
2026-09-19 20:00:00,1.11,1.11,1.11,1.11,1.11,1.53,1.11,1.11,1.11
2026-09-20 02:00:00,0,0,0,0,0,0,0,0,0
2026-09-20 08:00:00,5,5,5,5,5,5,5,5,5
2026-09-20 14:00:00,4.58,4.58,4.58,4.58,4.58,4.58,4.58,4.58,4.58
2026-09-20 20:00:00,1.39,1.39,1.39,1.39,1.39,1.39,1.39,1.39,1.39
2026-09-21 02:00:00,0,0,0,0,0,0,0,0,0
2026-09-21 08:00:00,4.03,4.03,4.03,4.03,4.03,4.03,4.03,4.03,4.03
2026-09-21 14:00:00,3.19,3.19,3.19,3.19,3.19,3.33,3.19,3.19,3.19
2026-09-21 20:00:00,1.53,1.53,1.53,1.53,1.53,1.81,1.53,1.53,1.53
2026-09-22 02:00:00,0,0,0,0,0,0,0,0,0
2026-09-22 08:00:00,4.86,4.86,4.86,4.86,4.86,4.86,4.86,4.86,4.86
2026-09-22 14:00:00,2.50,2.50,2.50,2.64,2.64,2.50,2.50,2.50,2.50
2026-09-22 20:00:00,1.53,1.53,1.53,1.11,1.11,1.25,1.53,1.53,1.53
2026-09-23 02:00:00,0,0,0,0,0,0,0,0,0
2026-09-23 08:00:00,4.86,4.86,4.86,4.86,4.86,4.86,4.86,4.86,4.86
2026-09-23 14:00:00,1.53,1.53,1.53,1.67,1.67,1.53,1.53,1.53,1.53
2026-09-23 20:00:00,0.694,0.694,0.694,0.833,0.833,1.11,0.694,0.694,0.694
2026-09-24 02:00:00,0,0,0,0,0,0,0,0,0
2026-09-24 08:00:00,5,5,5,5,5,5,5,5,5
2026-09-24 14:00:00,4.58,4.58,4.58,4.58,4.58,4.58,4.58,4.58,4.58
2026-09-24 20:00:00,0.417,0.417,0.417,0.278,0.278,0.417,0.417,0.417,0.417
2026-09-25 02:00:00,0,0,0,0,0,0,0,0,0
2026-09-25 08:00:00,4.86,4.86,4.86,4.86,4.86,4.86,4.86,4.86,4.86
2026-09-25 14:00:00,4.31,4.31,4.31,4.31,4.31,4.31,4.31,4.31,4.31
2026-09-25 20:00:00,1.53,1.53,1.53,1.53,1.53,1.67,1.53,1.53,1.53
2026-09-26 02:00:00,0,0,0,0,0,0,0,0,0
2026-09-26 08:00:00,5,5,5,5,5,5,5,5,5
2026-09-26 14:00:00,4.58,4.58,4.58,4.58,4.58,4.72,4.58,4.58,4.58
2026-09-26 20:00:00,0.278,0.278,0.278,0.556,0.556,0.556,0.278,0.278,0.278
2026-09-27 02:00:00,0,0,0,0,0,0,0,0,0
2026-09-27 08:00:00,4.86,4.86,4.86,4.86,4.86,4.86,4.86,4.86,4.86
2026-09-27 14:00:00,4.58,4.58,4.58,4.58,4.58,4.58,4.58,4.58,4.58
2026-09-27 20:00:00,0.278,0.278,0.278,0.417,0.417,0.278,0.278,0.278,0.278
2026-09-28 02:00:00,0,0,0,0,0,0,0,0,0
2026-09-28 08:00:00,4.86,4.86,4.86,4.86,4.86,4.86,4.86,4.86,4.86
2026-09-28 14:00:00,4.58,4.58,4.58,4.58,4.58,4.58,4.58,4.58,4.58
2026-09-28 20:00:00,0.139,0.139,0.139,0.139,0.139,0,0.139,0.139,0.139
2026-09-29 02:00:00,0,0,0,0,0,0,0,0,0
2026-09-29 08:00:00,4.86,4.86,4.86,4.86,4.86,4.86,4.86,4.86,4.86
2026-09-29 14:00:00,4.44,4.44,4.44,4.44,4.44,4.44,4.44,4.44,4.44
2026-09-29 20:00:00,0.139,0.139,0.139,0.139,0.139,0,0.139,0.139,0.139
2026-09-30 02:00:00,0,0,0,0,0,0,0,0,0
2026-09-30 08:00:00,5,5,5,5,5,5,5,5,5
2026-09-30 14:00:00,4.58,4.58,4.58,4.58,4.58,4.58,4.58,4.58,4.58
2026-09-30 20:00:00,0.139,0.139,0.139,0,0,0,0.139,0.139,0.139
2026-10-01 02:00:00,0,0,0,0,0,0,0,0,0
2026-10-01 08:00:00,4.58,4.58,4.58,4.58,4.58,4.58,4.58,4.58,4.58
2026-10-01 14:00:00,5,5,5,3.75,3.75,3.75,5,5,5
2026-10-01 20:00:00,0.417,0.417,0.417,0,0,0,0.417,0.417,0.417
2026-10-02 02:00:00,0,0,0,0,0,0,0,0,0
2026-10-02 08:00:00,1.11,1.11,1.11,0,0,0,1.11,1.11,1.11
2026-10-02 14:00:00,3.06,3.06,3.06,0,0,0,3.06,3.06,3.06
2026-10-02 20:00:00,0,0,0,0,0,0,0,0,0
2026-10-03 02:00:00,0,0,0,0,0,0,0,0,0
2026-10-03 08:00:00,4.58,4.58,4.58,4.58,4.58,4.58,4.58,4.58,4.58
2026-10-03 14:00:00,5,5,5,3.89,3.89,3.89,5,5,5
2026-10-03 20:00:00,2.36,2.36,2.36,0,0,0,2.36,2.36,2.36
2026-10-04 02:00:00,0,0,0,0,0,0,0,0,0
2026-10-04 08:00:00,4.86,4.86,4.86,4.86,4.86,4.86,4.86,4.86,4.86
2026-10-04 14:00:00,5,5,5,5,5,5,5,5,5
2026-10-04 20:00:00,4.17,4.17,4.17,1.53,1.53,3.47,4.17,4.17,4.17
2026-10-05 02:00:00,0,0,0,0,0,0,0,0,0
2026-10-05 08:00:00,4.58,4.58,4.58,4.58,4.58,4.58,4.58,4.58,4.58
2026-10-05 14:00:00,5,5,5,5,5,5,5,5,5
2026-10-05 20:00:00,5,5,5,3.47,3.47,4.44,5,5,5
2026-10-06 02:00:00,0,0,0,0,0,0,0,0,0
2026-10-06 08:00:00,4.86,4.86,4.86,4.86,4.86,4.86,4.86,4.86,4.86
2026-10-06 14:00:00,5,5,5,5,5,5,5,5,5
2026-10-06 20:00:00,5,5,5,4.72,4.72,5,5,5,5
2026-10-07 02:00:00,5,5,5,0,0,5,5,5,5
2026-10-07 08:00:00,5,5,5,4.17,4.17,5,5,5,5
2026-10-07 14:00:00,5,5,5,5,5,5,5,5,5
2026-10-07 20:00:00,5,5,5,4.72,4.72,5,5,5,5
2026-10-08 02:00:00,3.06,3.06,3.06,0,0,2.50,3.06,3.06,3.06
2026-10-08 08:00:00,4.86,4.86,4.86,4.86,4.86,4.86,4.86,4.86,4.86
2026-10-08 14:00:00,5,5,5,5,5,5,5,5,5
2026-10-08 20:00:00,5,5,5,5,5,5,5,5,5
2026-10-09 02:00:00,5,5,5,0,0,5,5,5,5
2026-10-09 08:00:00,5,5,5,4.72,4.72,5,5,5,5
2026-10-09 14:00:00,5,5,5,5,5,5,5,5,5
2026-10-09 20:00:00,5,5,5,5,5,5,5,5,5
2026-10-10 02:00:00,5,5,5,5,5,5,5,5,5
2026-10-10 08:00:00,5,5,5,5,5,5,5,5,5
2026-10-10 14:00:00,5,5,5,5,5,5,5,5,5
2026-10-10 20:00:00,5,5,5,5,5,5,5,5,5
2026-10-11 02:00:00,5,5,5,5,5,5,5,5,5
2026-10-11 08:00:00,5,5,5,5,5,5,5,5,5
2026-10-11 14:00:00,5,5,5,5,5,5,5,5,5
2026-10-11 20:00:00,5,5,5,5,5,5,5,5,5
2026-10-12 02:00:00,5,5,5,5,5,5,5,5,5
2026-10-12 08:00:00,5,5,5,5,5,5,5,5,5
2026-10-12 14:00:00,5,5,5,5,5,5,5,5,5
2026-10-12 20:00:00,5,5,5,5,5,5,5,5,5
2026-10-13 02:00:00,5,5,5,5,5,5,5,5,5
2026-10-13 08:00:00,5,5,5,5,5,5,5,5,5
2026-10-13 14:00:00,5,5,5,5,5,5,5,5,5
2026-10-13 20:00:00,5,5,5,5,5,5,5,5,5
2026-10-14 02:00:00,5,5,5,5,5,5,5,5,5
2026-10-14 08:00:00,5,5,5,5,5,5,5,5,5
2026-10-14 14:00:00,5,5,5,5,5,5,5,5,5
2026-10-14 20:00:00,5,5,5,5,5,5,5,5,5
2026-10-15 02:00:00,5,5,5,5,5,5,5,5,5
2026-10-15 08:00:00,5,5,5,5,5,5,5,5,5
2026-10-15 14:00:00,5,5,5,5,5,5,5,5,5
2026-10-15 20:00:00,5,5,5,5,5,5,5,5,5
2026-10-16 02:00:00,5,5,5,5,5,5,5,5,5
2026-10-16 08:00:00,5,5,5,5,5,5,5,5,5
2026-10-16 14:00:00,5,5,5,5,5,5,5,5,5
2026-10-16 20:00:00,5,5,5,5,5,5,5,5,5
2026-10-17 02:00:00,5,5,5,5,5,5,5,5,5
2026-10-17 08:00:00,5,5,5,5,5,5,5,5,5
2026-10-17 14:00:00,5,5,5,5,5,5,5,5,5
2026-10-17 20:00:00,5,5,5,5,5,5,5,5,5
2026-10-18 02:00:00,5,5,5,5,5,5,5,5,5
2026-10-18 08:00:00,5,5,5,5,5,5,5,5,5
2026-10-18 14:00:00,5,5,5,5,5,5,5,5,5
2026-10-18 20:00:00,5,5,5,5,5,5,5,5,5
2026-10-19 02:00:00,5,5,5,5,5,5,5,5,5
2026-10-19 08:00:00,5,5,5,5,5,5,5,5,5
2026-10-19 14:00:00,5,5,5,5,5,5,5,5,5
2026-10-19 20:00:00,5,5,5,5,5,5,5,5,5
2026-10-20 02:00:00,5,5,5,5,5,5,5,5,5
2026-10-20 08:00:00,5,5,5,5,5,5,5,5,5
2026-10-20 14:00:00,5,5,5,5,5,5,5,5,5
2026-10-20 20:00:00,5,5,5,5,5,5,5,5,5
2026-10-21 02:00:00,5,5,5,5,5,5,5,5,5
2026-10-21 08:00:00,5,5,5,5,5,5,5,5,5
2026-10-21 14:00:00,5,5,5,5,5,5,5,5,5
2026-10-21 20:00:00,5,5,5,5,5,5,5,5,5
2026-10-22 02:00:00,5,5,5,5,5,5,5,5,5
2026-10-22 08:00:00,5,5,5,5,5,5,5,5,5
2026-10-22 14:00:00,5,5,5,5,5,5,5,5,5
2026-10-22 20:00:00,5,5,5,5,5,5,5,5,5
2026-10-23 02:00:00,5,5,5,5,5,5,5,5,5
2026-10-23 08:00:00,5,5,5,5,5,5,5,5,5
2026-10-23 14:00:00,5,5,5,5,5,5,5,5,5
2026-10-23 20:00:00,5,5,5,5,5,5,5,5,5
2026-10-24 02:00:00,5,5,5,5,5,5,5,5,5
2026-10-24 08:00:00,5,5,5,5,5,5,5,5,5
2026-10-24 14:00:00,5,5,5,5,5,5,5,5,5
2026-10-24 20:00:00,5,5,5,5,5,5,5,5,5
2026-10-25 02:00:00,5,5,5,4.44,4.44,5,5,5,5
2026-10-25 07:00:00,5,5,5,4.72,4.72,5,5,5,5
2026-10-25 13:00:00,5,5,5,5,5,5,5,5,5
2026-10-25 19:00:00,5,5,5,5,5,5,5,5,5
2026-10-26 01:00:00,5,5,5,1.67,1.67,5,5,5,5
2026-10-26 07:00:00,5,5,5,3.61,3.61,5,5,5,5
2026-10-26 13:00:00,5,5,5,5,5,5,5,5,5
2026-10-26 19:00:00,5,5,5,4.03,4.03,5,5,5,5
2026-10-27 01:00:00,5,5,5,0,0,5,5,5,5
2026-10-27 07:00:00,5,5,5,3.89,3.89,5,5,5,5
2026-10-27 13:00:00,5,5,5,5,5,5,5,5,5
2026-10-27 19:00:00,5,5,5,3.75,3.75,5,5,5,5
2026-10-28 01:00:00,5,5,5,0,0,4.31,5,5,5
2026-10-28 07:00:00,4.44,4.44,4.44,4.03,4.03,4.17,4.44,4.44,4.44
2026-10-28 13:00:00,5,5,5,4.58,4.58,5,5,5,5
2026-10-28 19:00:00,5,5,5,0,0,5,5,5,5
2026-10-29 01:00:00,5,5,5,0,0,3.33,5,5,5
2026-10-29 07:00:00,5,5,5,4.03,4.03,4.17,5,5,5
2026-10-29 13:00:00,5,5,5,5,5,5,5,5,5
2026-10-29 19:00:00,5,5,5,5,5,5,5,5,5
2026-10-30 01:00:00,5,5,5,0.417,0.417,5,5,5,5
2026-10-30 07:00:00,5,5,5,3.19,3.19,5,5,5,5
2026-10-30 13:00:00,5,5,5,5,5,5,5,5,5
2026-10-30 19:00:00,5,5,5,4.58,4.58,5,5,5,5
2026-10-31 01:00:00,5,5,5,0,0,5,5,5,5
2026-10-31 07:00:00,5,5,5,2.78,2.78,5,5,5,5
2026-10-31 13:00:00,5,5,5,5,5,5,5,5,5
2026-10-31 19:00:00,5,5,5,2.50,2.50,5,5,5,5
2026-11-01 01:00:00,1.81,1.81,1.81,0,0,0.556,1.81,1.81,1.81
2026-11-01 07:00:00,3.06,3.06,3.06,0,0,1.94,3.06,3.06,3.06
2026-11-01 13:00:00,5,5,5,2.50,2.50,4.58,5,5,5
2026-11-01 19:00:00,2.36,2.36,2.36,0,0,0,2.36,2.36,2.36
2026-11-02 01:00:00,0,0,0,0,0,0,0,0,0
2026-11-02 07:00:00,3.89,3.89,3.89,3.89,3.89,3.89,3.89,3.89,3.89
2026-11-02 13:00:00,5,5,5,3.75,3.75,3.75,5,5,5
2026-11-02 19:00:00,1.25,1.25,1.25,0,0,0,1.25,1.25,1.25
2026-11-03 01:00:00,0,0,0,0,0,0,0,0,0
2026-11-03 07:00:00,2.92,2.92,2.92,2.92,2.92,2.92,2.92,2.92,2.92
2026-11-03 13:00:00,4.17,4.17,4.17,2.78,2.78,2.78,4.17,4.17,4.17
2026-11-03 19:00:00,0,0,0,0,0,0,0,0,0
2026-11-04 01:00:00,0,0,0,0,0,0,0,0,0
2026-11-04 07:00:00,2.92,2.92,2.92,2.92,2.92,2.92,2.92,2.92,2.92
2026-11-04 13:00:00,4.03,4.03,4.03,3.75,3.75,3.75,4.03,4.03,4.03
2026-11-04 19:00:00,0,0,0,0,0,0,0,0,0
2026-11-05 01:00:00,0,0,0,0,0,0,0,0,0
2026-11-05 07:00:00,3.06,3.06,3.06,3.06,3.06,3.06,3.06,3.06,3.06
2026-11-05 13:00:00,1.81,1.81,1.81,0.694,0.694,0.694,1.81,1.81,1.81
2026-11-05 19:00:00,0,0,0,0,0,0,0,0,0
2026-11-06 01:00:00,0,0,0,0,0,0,0,0,0
2026-11-06 07:00:00,0,0,0,0,0,0,0,0,0
2026-11-06 13:00:00,2.92,2.92,2.92,2.92,2.92,2.92,2.92,2.92,2.92
2026-11-06 19:00:00,0,0,0,0,0,0,0,0,0
2026-11-07 01:00:00,0,0,0,0,0,0,0,0,0
2026-11-07 07:00:00,4.17,4.17,4.17,4.17,4.17,4.17,4.17,4.17,4.17
2026-11-07 13:00:00,3.75,3.75,3.75,3.75,3.75,3.75,3.75,3.75,3.75
2026-11-07 19:00:00,0,0,0,0,0,0,0,0,0
2026-11-08 01:00:00,0,0,0,0,0,0,0,0,0
2026-11-08 07:00:00,4.03,4.03,4.03,4.03,4.03,4.03,4.03,4.03,4.03
2026-11-08 13:00:00,3.61,3.61,3.61,3.61,3.61,3.61,3.61,3.61,3.61
2026-11-08 19:00:00,0,0,0,0,0,0,0,0,0
2026-11-09 01:00:00,0,0,0,0,0,0,0,0,0
2026-11-09 07:00:00,4.03,4.03,4.03,4.03,4.03,4.03,4.03,4.03,4.03
2026-11-09 13:00:00,3.33,3.33,3.33,1.11,1.11,1.11,3.33,3.33,3.33
2026-11-09 19:00:00,0,0,0,0,0,0,0,0,0
2026-11-10 01:00:00,0,0,0,0,0,0,0,0,0
2026-11-10 07:00:00,4.17,4.17,4.17,4.17,4.17,4.17,4.17,4.17,4.17
2026-11-10 13:00:00,5,5,5,3.61,3.61,3.61,5,5,5
2026-11-10 19:00:00,1.67,1.67,1.67,0,0,0,1.67,1.67,1.67
2026-11-11 01:00:00,0,0,0,0,0,0,0,0,0
2026-11-11 07:00:00,4.03,4.03,4.03,4.03,4.03,4.03,4.03,4.03,4.03
2026-11-11 13:00:00,5,5,5,3.06,3.06,3.06,5,5,5
2026-11-11 19:00:00,3.33,3.33,3.33,0,0,0,3.33,3.33,3.33
2026-11-12 01:00:00,0,0,0,0,0,0,0,0,0
2026-11-12 07:00:00,4.03,4.03,4.03,4.03,4.03,4.03,4.03,4.03,4.03
2026-11-12 13:00:00,5,5,5,2.64,2.64,2.64,5,5,5
2026-11-12 19:00:00,0.556,0.556,0.556,0,0,0,0.556,0.556,0.556
2026-11-13 01:00:00,0,0,0,0,0,0,0,0,0
2026-11-13 07:00:00,3.89,3.89,3.89,3.89,3.89,3.89,3.89,3.89,3.89
2026-11-13 13:00:00,4.72,4.72,4.72,3.75,3.75,3.75,4.72,4.72,4.72
2026-11-13 19:00:00,0,0,0,0,0,0,0,0,0
2026-11-14 01:00:00,0,0,0,0,0,0,0,0,0
2026-11-14 07:00:00,4.17,4.17,4.17,4.17,4.17,4.17,4.17,4.17,4.17
2026-11-14 13:00:00,4.58,4.58,4.58,3.61,3.61,3.61,4.58,4.58,4.58
2026-11-14 19:00:00,0,0,0,0,0,0,0,0,0
2026-11-15 01:00:00,0,0,0,0,0,0,0,0,0
2026-11-15 07:00:00,4.17,4.17,4.17,3.06,3.06,3.06,4.17,4.17,4.17
2026-11-15 13:00:00,1.67,1.67,1.67,0,0,0,1.67,1.67,1.67
2026-11-15 19:00:00,0,0,0,0,0,0,0,0,0
2026-11-16 01:00:00,0,0,0,0,0,0,0,0,0
2026-11-16 07:00:00,3.33,3.33,3.33,3.33,3.33,3.33,3.33,3.33,3.33
2026-11-16 13:00:00,1.94,1.94,1.94,1.25,1.25,1.25,1.94,1.94,1.94
2026-11-16 19:00:00,0,0,0,0,0,0,0,0,0
2026-11-17 01:00:00,0,0,0,0,0,0,0,0,0
2026-11-17 07:00:00,4.17,4.17,4.17,4.17,4.17,4.17,4.17,4.17,4.17
2026-11-17 13:00:00,3.89,3.89,3.89,3.75,3.75,3.75,3.89,3.89,3.89
2026-11-17 19:00:00,0,0,0,0,0,0,0,0,0
2026-11-18 01:00:00,0,0,0,0,0,0,0,0,0
2026-11-18 07:00:00,4.03,4.03,4.03,4.03,4.03,4.03,4.03,4.03,4.03
2026-11-18 13:00:00,3.61,3.61,3.61,3.61,3.61,3.61,3.61,3.61,3.61
2026-11-18 19:00:00,0,0,0,0,0,0,0,0,0
2026-11-19 01:00:00,0,0,0,0,0,0,0,0,0
2026-11-19 07:00:00,2.78,2.78,2.78,2.78,2.78,2.78,2.78,2.78,2.78
2026-11-19 13:00:00,3.89,3.89,3.89,3.19,3.19,3.19,3.89,3.89,3.89
2026-11-19 19:00:00,0,0,0,0,0,0,0,0,0
2026-11-20 01:00:00,0,0,0,0,0,0,0,0,0
2026-11-20 07:00:00,3.61,3.61,3.61,3.61,3.61,3.61,3.61,3.61,3.61
2026-11-20 13:00:00,3.89,3.89,3.89,3.47,3.47,3.47,3.89,3.89,3.89
2026-11-20 19:00:00,0,0,0,0,0,0,0,0,0
2026-11-21 01:00:00,0,0,0,0,0,0,0,0,0
2026-11-21 07:00:00,4.03,4.03,4.03,4.03,4.03,4.03,4.03,4.03,4.03
2026-11-21 13:00:00,3.61,3.61,3.61,3.61,3.61,3.61,3.61,3.61,3.61
2026-11-21 19:00:00,0,0,0,0,0,0,0,0,0
2026-11-22 01:00:00,0,0,0,0,0,0,0,0,0
2026-11-22 07:00:00,0,0,0,0,0,0,0,0,0
2026-11-22 13:00:00,2.22,2.22,2.22,2.22,2.22,2.22,2.22,2.22,2.22
2026-11-22 19:00:00,0,0,0,0,0,0,0,0,0
2026-11-23 01:00:00,0,0,0,0,0,0,0,0,0
2026-11-23 07:00:00,0,0,0,0,0,0,0,0,0
2026-11-23 13:00:00,0,0,0,0,0,0,0,0,0
2026-11-23 19:00:00,0,0,0,0,0,0,0,0,0
2026-11-24 01:00:00,0,0,0,0,0,0,0,0,0
2026-11-24 07:00:00,4.17,4.17,4.17,4.17,4.17,4.17,4.17,4.17,4.17
2026-11-24 13:00:00,3.75,3.75,3.75,3.75,3.75,3.75,3.75,3.75,3.75
2026-11-24 19:00:00,0,0,0,0,0,0,0,0,0
2026-11-25 01:00:00,0,0,0,0,0,0,0,0,0
2026-11-25 07:00:00,0,0,0,0,0,0,0,0,0
2026-11-25 13:00:00,0,0,0,0,0,0,0,0,0
2026-11-25 19:00:00,0,0,0,0,0,0,0,0,0
2026-11-26 01:00:00,0,0,0,0,0,0,0,0,0
2026-11-26 07:00:00,1.39,1.39,1.39,1.39,1.39,1.39,1.39,1.39,1.39
2026-11-26 13:00:00,3.61,3.61,3.61,3.61,3.61,3.61,3.61,3.61,3.61
2026-11-26 19:00:00,0,0,0,0,0,0,0,0,0
2026-11-27 01:00:00,0,0,0,0,0,0,0,0,0
2026-11-27 07:00:00,0,0,0,0,0,0,0,0,0
2026-11-27 13:00:00,0,0,0,0,0,0,0,0,0
2026-11-27 19:00:00,0,0,0,0,0,0,0,0,0
2026-11-28 01:00:00,0,0,0,0,0,0,0,0,0
2026-11-28 07:00:00,0,0,0,0,0,0,0,0,0
2026-11-28 13:00:00,0,0,0,0,0,0,0,0,0
2026-11-28 19:00:00,0,0,0,0,0,0,0,0,0
2026-11-29 01:00:00,0,0,0,0,0,0,0,0,0
2026-11-29 07:00:00,0,0,0,0,0,0,0,0,0
2026-11-29 13:00:00,0,0,0,0,0,0,0,0,0
2026-11-29 19:00:00,0,0,0,0,0,0,0,0,0
2026-11-30 01:00:00,0,0,0,0,0,0,0,0,0
2026-11-30 07:00:00,1.94,1.94,1.94,1.94,1.94,1.94,1.94,1.94,1.94
2026-11-30 13:00:00,2.22,2.22,2.22,2.22,2.22,2.22,2.22,2.22,2.22
2026-11-30 19:00:00,0,0,0,0,0,0,0,0,0
2026-12-01 01:00:00,0,0,0,0,0,0,0,0,0
2026-12-01 07:00:00,0,0,0,0,0,0,0,0,0
2026-12-01 13:00:00,0,0,0,0,0,0,0,0,0
2026-12-01 19:00:00,0,0,0,0,0,0,0,0,0
2026-12-02 01:00:00,0,0,0,0,0,0,0,0,0
2026-12-02 07:00:00,0.556,0.556,0.556,0.556,0.556,0.556,0.556,0.556,0.556
2026-12-02 13:00:00,2.64,2.64,2.64,2.64,2.64,2.64,2.64,2.64,2.64
2026-12-02 19:00:00,0,0,0,0,0,0,0,0,0
2026-12-03 01:00:00,0,0,0,0,0,0,0,0,0
2026-12-03 07:00:00,0,0,0,0,0,0,0,0,0
2026-12-03 13:00:00,0,0,0,0,0,0,0,0,0
2026-12-03 19:00:00,0,0,0,0,0,0,0,0,0
2026-12-04 01:00:00,0,0,0,0,0,0,0,0,0
2026-12-04 07:00:00,0,0,0,0,0,0,0,0,0
2026-12-04 13:00:00,0,0,0,0,0,0,0,0,0
2026-12-04 19:00:00,0,0,0,0,0,0,0,0,0
2026-12-05 01:00:00,0,0,0,0,0,0,0,0,0
2026-12-05 07:00:00,2.64,2.64,2.64,2.64,2.64,2.64,2.64,2.64,2.64
2026-12-05 13:00:00,3.75,3.75,3.75,3.75,3.75,3.75,3.75,3.75,3.75
2026-12-05 19:00:00,0,0,0,0,0,0,0,0,0
2026-12-06 01:00:00,0,0,0,0,0,0,0,0,0
2026-12-06 07:00:00,4.03,4.03,4.03,4.03,4.03,4.03,4.03,4.03,4.03
2026-12-06 13:00:00,3.75,3.75,3.75,3.75,3.75,3.75,3.75,3.75,3.75
2026-12-06 19:00:00,0,0,0,0,0,0,0,0,0
2026-12-07 01:00:00,0,0,0,0,0,0,0,0,0
2026-12-07 07:00:00,4.17,4.17,4.17,4.17,4.17,4.17,4.17,4.17,4.17
2026-12-07 13:00:00,3.75,3.75,3.75,3.75,3.75,3.75,3.75,3.75,3.75
2026-12-07 19:00:00,0,0,0,0,0,0,0,0,0
2026-12-08 01:00:00,0,0,0,0,0,0,0,0,0
2026-12-08 07:00:00,4.17,4.17,4.17,4.17,4.17,4.17,4.17,4.17,4.17
2026-12-08 13:00:00,3.75,3.75,3.75,3.75,3.75,3.75,3.75,3.75,3.75
2026-12-08 19:00:00,0,0,0,0,0,0,0,0,0
2026-12-09 01:00:00,0,0,0,0,0,0,0,0,0
2026-12-09 07:00:00,4.03,4.03,4.03,4.03,4.03,4.03,4.03,4.03,4.03
2026-12-09 13:00:00,3.75,3.75,3.75,3.75,3.75,3.75,3.75,3.75,3.75
2026-12-09 19:00:00,0,0,0,0,0,0,0,0,0
2026-12-10 01:00:00,0,0,0,0,0,0,0,0,0
2026-12-10 07:00:00,4.03,4.03,4.03,4.03,4.03,4.03,4.03,4.03,4.03
2026-12-10 13:00:00,3.75,3.75,3.75,3.75,3.75,3.75,3.75,3.75,3.75
2026-12-10 19:00:00,0,0,0,0,0,0,0,0,0
2026-12-11 01:00:00,0,0,0,0,0,0,0,0,0
2026-12-11 07:00:00,0,0,0,0,0,0,0,0,0
2026-12-11 13:00:00,0,0,0,0,0,0,0,0,0
2026-12-11 19:00:00,0,0,0,0,0,0,0,0,0
2026-12-12 01:00:00,0,0,0,0,0,0,0,0,0
2026-12-12 07:00:00,0,0,0,0,0,0,0,0,0
2026-12-12 13:00:00,2.78,2.78,2.78,2.78,2.78,2.78,2.78,2.78,2.78
2026-12-12 19:00:00,0,0,0,0,0,0,0,0,0
2026-12-13 01:00:00,0,0,0,0,0,0,0,0,0
2026-12-13 07:00:00,0,0,0,0,0,0,0,0,0
2026-12-13 13:00:00,0,0,0,0,0,0,0,0,0
2026-12-13 19:00:00,0,0,0,0,0,0,0,0,0
2026-12-14 01:00:00,0,0,0,0,0,0,0,0,0
2026-12-14 07:00:00,4.03,4.03,4.03,4.03,4.03,4.03,4.03,4.03,4.03
2026-12-14 13:00:00,3.75,3.75,3.75,3.75,3.75,3.75,3.75,3.75,3.75
2026-12-14 19:00:00,0,0,0,0,0,0,0,0,0
2026-12-15 01:00:00,0,0,0,0,0,0,0,0,0
2026-12-15 07:00:00,0,0,0,0,0,0,0,0,0
2026-12-15 13:00:00,2.36,2.36,2.36,2.36,2.36,2.36,2.36,2.36,2.36
2026-12-15 19:00:00,0,0,0,0,0,0,0,0,0
2026-12-16 01:00:00,0,0,0,0,0,0,0,0,0
2026-12-16 07:00:00,2.22,2.22,2.22,2.22,2.22,2.22,2.22,2.22,2.22
2026-12-16 13:00:00,3.61,3.61,3.61,3.61,3.61,3.61,3.61,3.61,3.61
2026-12-16 19:00:00,0,0,0,0,0,0,0,0,0
2026-12-17 01:00:00,0,0,0,0,0,0,0,0,0
2026-12-17 07:00:00,0,0,0,0,0,0,0,0,0
2026-12-17 13:00:00,0,0,0,0,0,0,0,0,0
2026-12-17 19:00:00,0,0,0,0,0,0,0,0,0
2026-12-18 01:00:00,0,0,0,0,0,0,0,0,0
2026-12-18 07:00:00,0.139,0.139,0.139,0.139,0.139,0.139,0.139,0.139,0.139
2026-12-18 13:00:00,3.61,3.61,3.61,3.61,3.61,3.61,3.61,3.61,3.61
2026-12-18 19:00:00,0,0,0,0,0,0,0,0,0
2026-12-19 01:00:00,0,0,0,0,0,0,0,0,0
2026-12-19 07:00:00,0,0,0,0,0,0,0,0,0
2026-12-19 13:00:00,0,0,0,0,0,0,0,0,0
2026-12-19 19:00:00,0,0,0,0,0,0,0,0,0
2026-12-20 01:00:00,0,0,0,0,0,0,0,0,0
2026-12-20 07:00:00,1.39,1.39,1.39,1.39,1.39,1.39,1.39,1.39,1.39
2026-12-20 13:00:00,3.61,3.61,3.61,3.61,3.61,3.61,3.61,3.61,3.61
2026-12-20 19:00:00,0,0,0,0,0,0,0,0,0
2026-12-21 01:00:00,0,0,0,0,0,0,0,0,0
2026-12-21 07:00:00,0,0,0,0,0,0,0,0,0
2026-12-21 13:00:00,0,0,0,0,0,0,0,0,0
2026-12-21 19:00:00,0,0,0,0,0,0,0,0,0
2026-12-22 01:00:00,0,0,0,0,0,0,0,0,0
2026-12-22 07:00:00,3.75,3.75,3.75,3.75,3.75,3.75,3.75,3.75,3.75
2026-12-22 13:00:00,3.61,3.61,3.61,3.61,3.61,3.61,3.61,3.61,3.61
2026-12-22 19:00:00,0,0,0,0,0,0,0,0,0
2026-12-23 01:00:00,0,0,0,0,0,0,0,0,0